<?xml version="1.0" encoding="UTF-8"?>
<osm version="0.6" generator="openstreetmap-cgimap 2.1.0 (2942782 spike-08.openstreetmap.org)" copyright="OpenStreetMap and contributors" attribution="http://www.openstreetmap.org/copyright" license="http://opendatacommons.org/licenses/odbl/1-0/">
 <bounds minlat="12.5685000" minlon="109.2210000" maxlat="12.5750000" maxlon="109.2370000"/>
 <node id="369197853" visible="true" version="3" changeset="53849773" timestamp="2017-11-16T17:41:54Z" user="Алекс Мок" uid="4814295" lat="12.5396715" lon="109.2168058"/>
 <node id="369197855" visible="true" version="3" changeset="80623045" timestamp="2020-02-06T06:35:46Z" user="Rizky IRM-ED" uid="9421521" lat="12.5430756" lon="109.2165989"/>
 <node id="369197857" visible="true" version="4" changeset="80623045" timestamp="2020-02-06T06:35:46Z" user="Rizky IRM-ED" uid="9421521" lat="12.5464423" lon="109.2163819"/>
 <node id="369197859" visible="true" version="4" changeset="80623045" timestamp="2020-02-06T06:35:46Z" user="Rizky IRM-ED" uid="9421521" lat="12.5517971" lon="109.2166602"/>
 <node id="369197861" visible="true" version="2" changeset="6937418" timestamp="2011-01-11T14:40:47Z" user="weitweg-ch" uid="234925" lat="12.5544530" lon="109.2170971"/>
 <node id="369197863" visible="true" version="3" changeset="53813904" timestamp="2017-11-15T19:04:59Z" user="Алекс Мок" uid="4814295" lat="12.5584794" lon="109.2177635"/>
 <node id="369197865" visible="true" version="4" changeset="53813904" timestamp="2017-11-15T19:04:59Z" user="Алекс Мок" uid="4814295" lat="12.5625706" lon="109.2175871"/>
 <node id="369197867" visible="true" version="3" changeset="11361484" timestamp="2012-04-20T08:38:51Z" user="LTKA" uid="558260" lat="12.5661762" lon="109.2200382"/>
 <node id="1336206128" visible="true" version="3" changeset="11361484" timestamp="2012-04-20T08:37:22Z" user="LTKA" uid="558260" lat="12.5765068" lon="109.2166048"/>
 <node id="1336210080" visible="true" version="3" changeset="11361484" timestamp="2012-04-20T08:37:22Z" user="LTKA" uid="558260" lat="12.5763901" lon="109.2169370"/>
 <node id="1336210876" visible="true" version="4" changeset="53813904" timestamp="2017-11-15T19:04:59Z" user="Алекс Мок" uid="4814295" lat="12.5764678" lon="109.2178027"/>
 <node id="1336227509" visible="true" version="3" changeset="11361484" timestamp="2012-04-20T08:37:24Z" user="LTKA" uid="558260" lat="12.5726976" lon="109.2362142"/>
 <node id="1336240476" visible="true" version="3" changeset="11361484" timestamp="2012-04-20T08:37:25Z" user="LTKA" uid="558260" lat="12.5657085" lon="109.2102623"/>
 <node id="1336265515" visible="true" version="4" changeset="53813904" timestamp="2017-11-15T19:04:59Z" user="Алекс Мок" uid="4814295" lat="12.5783498" lon="109.2190423"/>
 <node id="1336282068" visible="true" version="4" changeset="53813904" timestamp="2017-11-15T19:04:59Z" user="Алекс Мок" uid="4814295" lat="12.5762228" lon="109.2203549"/>
 <node id="1336282872" visible="true" version="4" changeset="53813904" timestamp="2017-11-15T19:04:59Z" user="Алекс Мок" uid="4814295" lat="12.5722844" lon="109.2221661"/>
 <node id="1336282886" visible="true" version="4" changeset="53806138" timestamp="2017-11-15T15:02:43Z" user="Алекс Мок" uid="4814295" lat="12.5559118" lon="109.2311299"/>
 <node id="1336284651" visible="true" version="3" changeset="11361484" timestamp="2012-04-20T08:37:31Z" user="LTKA" uid="558260" lat="12.5735050" lon="109.2146572"/>
 <node id="1336285490" visible="true" version="4" changeset="53813904" timestamp="2017-11-15T19:04:59Z" user="Алекс Мок" uid="4814295" lat="12.5751617" lon="109.2203658"/>
 <node id="1336296734" visible="true" version="4" changeset="53816943" timestamp="2017-11-15T20:01:26Z" user="Алекс Мок" uid="4814295" lat="12.5637097" lon="109.2105876"/>
 <node id="1336296942" visible="true" version="4" changeset="78084670" timestamp="2019-12-07T11:43:42Z" user="RSergei" uid="432509" lat="12.5676721" lon="109.2341065"/>
 <node id="1336297278" visible="true" version="4" changeset="53813904" timestamp="2017-11-15T19:04:59Z" user="Алекс Мок" uid="4814295" lat="12.5764024" lon="109.2195925"/>
 <node id="1336323956" visible="true" version="4" changeset="53806138" timestamp="2017-11-15T15:02:44Z" user="Алекс Мок" uid="4814295" lat="12.5537968" lon="109.2307688"/>
 <node id="1336329944" visible="true" version="3" changeset="11361484" timestamp="2012-04-20T08:37:39Z" user="LTKA" uid="558260" lat="12.5764840" lon="109.2162490"/>
 <node id="1336336452" visible="true" version="4" changeset="53813904" timestamp="2017-11-15T19:04:59Z" user="Алекс Мок" uid="4814295" lat="12.5728219" lon="109.2212656"/>
 <node id="1336336872" visible="true" version="4" changeset="53816943" timestamp="2017-11-15T20:01:26Z" user="Алекс Мок" uid="4814295" lat="12.5611549" lon="109.2119378"/>
 <node id="1336339773" visible="true" version="3" changeset="11361484" timestamp="2012-04-20T08:37:41Z" user="LTKA" uid="558260" lat="12.5539901" lon="109.2130375"/>
 <node id="1336342898" visible="true" version="4" changeset="53813904" timestamp="2017-11-15T19:04:59Z" user="Алекс Мок" uid="4814295" lat="12.5770257" lon="109.2208546"/>
 <node id="1336342985" visible="true" version="4" changeset="53813904" timestamp="2017-11-15T19:04:59Z" user="Алекс Мок" uid="4814295" lat="12.5729367" lon="109.2210195"/>
 <node id="1336343689" visible="true" version="3" changeset="11361484" timestamp="2012-04-20T08:37:42Z" user="LTKA" uid="558260" lat="12.5876901" lon="109.2245319"/>
 <node id="1336350535" visible="true" version="3" changeset="11361484" timestamp="2012-04-20T08:37:44Z" user="LTKA" uid="558260" lat="12.5818732" lon="109.2203518"/>
 <node id="1336351202" visible="true" version="4" changeset="53813904" timestamp="2017-11-15T19:04:59Z" user="Алекс Мок" uid="4814295" lat="12.5747283" lon="109.2221287"/>
 <node id="1336352505" visible="true" version="3" changeset="11361484" timestamp="2012-04-20T08:37:45Z" user="LTKA" uid="558260" lat="12.5742490" lon="109.2157727"/>
 <node id="1336353008" visible="true" version="3" changeset="11361484" timestamp="2012-04-20T08:37:45Z" user="LTKA" uid="558260" lat="12.5732492" lon="109.2143130"/>
 <node id="1336362318" visible="true" version="4" changeset="53816943" timestamp="2017-11-15T20:01:26Z" user="Алекс Мок" uid="4814295" lat="12.5547228" lon="109.2113343"/>
 <node id="1336375263" visible="true" version="4" changeset="53806138" timestamp="2017-11-15T15:02:45Z" user="Алекс Мок" uid="4814295" lat="12.5547796" lon="109.2309004"/>
 <node id="1336376453" visible="true" version="4" changeset="53816943" timestamp="2017-11-15T20:01:26Z" user="Алекс Мок" uid="4814295" lat="12.5594012" lon="109.2130574"/>
 <node id="1336376650" visible="true" version="3" changeset="11361484" timestamp="2012-04-20T08:37:48Z" user="LTKA" uid="558260" lat="12.5809225" lon="109.2200885"/>
 <node id="1336377032" visible="true" version="4" changeset="53806138" timestamp="2017-11-15T15:02:45Z" user="Алекс Мок" uid="4814295" lat="12.5505489" lon="109.2304937"/>
 <node id="1336380933" visible="true" version="3" changeset="11361484" timestamp="2012-04-20T08:37:49Z" user="LTKA" uid="558260" lat="12.5572309" lon="109.2132913"/>
 <node id="1336382716" visible="true" version="3" changeset="11361484" timestamp="2012-04-20T08:37:49Z" user="LTKA" uid="558260" lat="12.5661275" lon="109.2103575"/>
 <node id="1336384778" visible="true" version="3" changeset="11361484" timestamp="2012-04-20T08:37:51Z" user="LTKA" uid="558260" lat="12.5801253" lon="109.2197501"/>
 <node id="1336387129" visible="true" version="4" changeset="53816943" timestamp="2017-11-15T20:01:26Z" user="Алекс Мок" uid="4814295" lat="12.5542907" lon="109.2148945"/>
 <node id="1336389664" visible="true" version="3" changeset="11361484" timestamp="2012-04-20T08:37:51Z" user="LTKA" uid="558260" lat="12.5871203" lon="109.2236065"/>
 <node id="1336395641" visible="true" version="4" changeset="78084670" timestamp="2019-12-07T11:43:42Z" user="RSergei" uid="432509" lat="12.5736358" lon="109.2368204"/>
 <node id="1336400654" visible="true" version="4" changeset="53813904" timestamp="2017-11-15T19:04:59Z" user="Алекс Мок" uid="4814295" lat="12.5727293" lon="109.2214868"/>
 <node id="1336401095" visible="true" version="3" changeset="11361484" timestamp="2012-04-20T08:37:53Z" user="LTKA" uid="558260" lat="12.5736444" lon="109.2149894"/>
 <node id="1336407838" visible="true" version="4" changeset="78084670" timestamp="2019-12-07T11:43:43Z" user="RSergei" uid="432509" lat="12.5722911" lon="109.2359900"/>
 <node id="1336413281" visible="true" version="4" changeset="53816943" timestamp="2017-11-15T20:01:26Z" user="Алекс Мок" uid="4814295" lat="12.5546486" lon="109.2093365"/>
 <node id="1336419739" visible="true" version="4" changeset="53806138" timestamp="2017-11-15T15:02:46Z" user="Алекс Мок" uid="4814295" lat="12.5567877" lon="109.2313701"/>
 <node id="1336420917" visible="true" version="4" changeset="53813904" timestamp="2017-11-15T19:04:59Z" user="Алекс Мок" uid="4814295" lat="12.5784628" lon="109.2190820"/>
 <node id="1336420966" visible="true" version="4" changeset="53813904" timestamp="2017-11-15T19:04:59Z" user="Алекс Мок" uid="4814295" lat="12.5750358" lon="109.2158045"/>
 <node id="1336422885" visible="true" version="3" changeset="11361484" timestamp="2012-04-20T08:37:58Z" user="LTKA" uid="558260" lat="12.5783398" lon="109.2199987"/>
 <node id="1336422896" visible="true" version="4" changeset="53813904" timestamp="2017-11-15T19:04:59Z" user="Алекс Мок" uid="4814295" lat="12.5730598" lon="109.2208626"/>
 <node id="1336431194" visible="true" version="3" changeset="11361484" timestamp="2012-04-20T08:37:59Z" user="LTKA" uid="558260" lat="12.5714806" lon="109.2131492"/>
 <node id="1336436552" visible="true" version="4" changeset="53813904" timestamp="2017-11-15T19:04:59Z" user="Алекс Мок" uid="4814295" lat="12.5737007" lon="109.2205250"/>
 <node id="1336436690" visible="true" version="4" changeset="53813904" timestamp="2017-11-15T19:04:59Z" user="Алекс Мок" uid="4814295" lat="12.5758590" lon="109.2158288"/>
 <node id="1336438002" visible="true" version="4" changeset="53813904" timestamp="2017-11-15T19:04:59Z" user="Алекс Мок" uid="4814295" lat="12.5779387" lon="109.2198730"/>
 <node id="1336438031" visible="true" version="3" changeset="11361484" timestamp="2012-04-20T08:38:01Z" user="LTKA" uid="558260" lat="12.5760884" lon="109.2159641"/>
 <node id="1336440292" visible="true" version="4" changeset="53813904" timestamp="2017-11-15T19:04:59Z" user="Алекс Мок" uid="4814295" lat="12.5733404" lon="109.2206092"/>
 <node id="1336441710" visible="true" version="4" changeset="53813904" timestamp="2017-11-15T19:04:59Z" user="Алекс Мок" uid="4814295" lat="12.5751331" lon="109.2207209"/>
 <node id="1336448478" visible="true" version="3" changeset="11361484" timestamp="2012-04-20T08:38:02Z" user="LTKA" uid="558260" lat="12.5791313" lon="109.2197494"/>
 <node id="1336453132" visible="true" version="3" changeset="11361484" timestamp="2012-04-20T08:38:02Z" user="LTKA" uid="558260" lat="12.5540507" lon="109.2127814"/>
 <node id="1336455151" visible="true" version="3" changeset="11361484" timestamp="2012-04-20T08:38:03Z" user="LTKA" uid="558260" lat="12.5578363" lon="109.2131022"/>
 <node id="1336466308" visible="true" version="3" changeset="11361484" timestamp="2012-04-20T08:38:06Z" user="LTKA" uid="558260" lat="12.5651730" lon="109.2102145"/>
 <node id="1336466832" visible="true" version="4" changeset="53806138" timestamp="2017-11-15T15:02:48Z" user="Алекс Мок" uid="4814295" lat="12.5611890" lon="109.2321686"/>
 <node id="1336466952" visible="true" version="3" changeset="11361484" timestamp="2012-04-20T08:38:06Z" user="LTKA" uid="558260" lat="12.5787877" lon="109.2198117"/>
 <node id="1336470976" visible="true" version="4" changeset="53813904" timestamp="2017-11-15T19:04:59Z" user="Алекс Мок" uid="4814295" lat="12.5736454" lon="109.2228335"/>
 <node id="1336473220" visible="true" version="4" changeset="53806138" timestamp="2017-11-15T15:02:48Z" user="Алекс Мок" uid="4814295" lat="12.5512540" lon="109.2306033"/>
 <node id="1336477337" visible="true" version="3" changeset="11361484" timestamp="2012-04-20T08:38:09Z" user="LTKA" uid="558260" lat="12.5701542" lon="109.2121281"/>
 <node id="1336482013" visible="true" version="4" changeset="53813904" timestamp="2017-11-15T19:04:59Z" user="Алекс Мок" uid="4814295" lat="12.5762281" lon="109.2171977"/>
 <node id="1336482687" visible="true" version="3" changeset="11361484" timestamp="2012-04-20T08:38:11Z" user="LTKA" uid="558260" lat="12.5745052" lon="109.2158916"/>
 <node id="1336483510" visible="true" version="3" changeset="11361484" timestamp="2012-04-20T08:38:11Z" user="LTKA" uid="558260" lat="12.5542592" lon="109.2123853"/>
 <node id="1336484517" visible="true" version="4" changeset="53806138" timestamp="2017-11-15T15:02:48Z" user="Алекс Мок" uid="4814295" lat="12.5598431" lon="109.2319496"/>
 <node id="1336492241" visible="true" version="3" changeset="11361484" timestamp="2012-04-20T08:38:16Z" user="LTKA" uid="558260" lat="12.5837434" lon="109.2213412"/>
 <node id="1336495591" visible="true" version="3" changeset="11361484" timestamp="2012-04-20T08:38:16Z" user="LTKA" uid="558260" lat="12.5538777" lon="109.2137901"/>
 <node id="1336495997" visible="true" version="4" changeset="53806138" timestamp="2017-11-15T15:02:49Z" user="Алекс Мок" uid="4814295" lat="12.5524825" lon="109.2306831"/>
 <node id="1336497683" visible="true" version="4" changeset="53813904" timestamp="2017-11-15T19:04:59Z" user="Алекс Мок" uid="4814295" lat="12.5764192" lon="109.2174513"/>
 <node id="1336501842" visible="true" version="4" changeset="53806138" timestamp="2017-11-15T15:02:49Z" user="Алекс Мок" uid="4814295" lat="12.5175502" lon="109.2370264"/>
 <node id="1336503935" visible="true" version="4" changeset="53816943" timestamp="2017-11-15T20:01:26Z" user="Алекс Мок" uid="4814295" lat="12.5618048" lon="109.2117074"/>
 <node id="1336507175" visible="true" version="3" changeset="11361484" timestamp="2012-04-20T08:38:21Z" user="LTKA" uid="558260" lat="12.5873777" lon="109.2239068"/>
 <node id="1336510441" visible="true" version="3" changeset="11361484" timestamp="2012-04-20T08:38:21Z" user="LTKA" uid="558260" lat="12.5725744" lon="109.2137195"/>
 <node id="1336511980" visible="true" version="4" changeset="53813904" timestamp="2017-11-15T19:04:59Z" user="Алекс Мок" uid="4814295" lat="12.5776212" lon="109.2220139"/>
 <node id="1336511992" visible="true" version="3" changeset="11361484" timestamp="2012-04-20T08:38:22Z" user="LTKA" uid="558260" lat="12.5539211" lon="109.2133296"/>
 <node id="1336514706" visible="true" version="4" changeset="53806138" timestamp="2017-11-15T15:02:50Z" user="Алекс Мок" uid="4814295" lat="12.5475364" lon="109.2302190"/>
 <node id="1336518711" visible="true" version="4" changeset="78084670" timestamp="2019-12-07T11:43:43Z" user="RSergei" uid="432509" lat="12.5743004" lon="109.2373019"/>
 <node id="1336519478" visible="true" version="5" changeset="78084670" timestamp="2019-12-07T11:43:43Z" user="RSergei" uid="432509" lat="12.5435995" lon="109.2301082"/>
 <node id="1336519931" visible="true" version="4" changeset="53813904" timestamp="2017-11-15T19:04:59Z" user="Алекс Мок" uid="4814295" lat="12.5737573" lon="109.2220409"/>
 <node id="1336524130" visible="true" version="4" changeset="53806138" timestamp="2017-11-15T15:02:50Z" user="Алекс Мок" uid="4814295" lat="12.5575996" lon="109.2314580"/>
 <node id="1336533075" visible="true" version="3" changeset="11361484" timestamp="2012-04-20T08:38:28Z" user="LTKA" uid="558260" lat="12.5543738" lon="109.2121675"/>
 <node id="1336537654" visible="true" version="4" changeset="53816943" timestamp="2017-11-15T20:01:26Z" user="Алекс Мок" uid="4814295" lat="12.5557692" lon="109.2137823"/>
 <node id="1336539288" visible="true" version="3" changeset="11361484" timestamp="2012-04-20T08:38:29Z" user="LTKA" uid="558260" lat="12.5851400" lon="109.2220045"/>
 <node id="1336542500" visible="true" version="4" changeset="53816943" timestamp="2017-11-15T20:01:26Z" user="Алекс Мок" uid="4814295" lat="12.5602302" lon="109.2122609"/>
 <node id="1336563617" visible="true" version="4" changeset="53816943" timestamp="2017-11-15T20:01:26Z" user="Алекс Мок" uid="4814295" lat="12.5622485" lon="109.2112007"/>
 <node id="1336571374" visible="true" version="3" changeset="11361484" timestamp="2012-04-20T08:38:34Z" user="LTKA" uid="558260" lat="12.5539124" lon="109.2134217"/>
 <node id="1336586239" visible="true" version="3" changeset="11361484" timestamp="2012-04-20T08:38:36Z" user="LTKA" uid="558260" lat="12.5710384" lon="109.2128642"/>
 <node id="1336588583" visible="true" version="4" changeset="53813904" timestamp="2017-11-15T19:04:59Z" user="Алекс Мок" uid="4814295" lat="12.5752478" lon="109.2221668"/>
 <node id="1336590001" visible="true" version="3" changeset="11361484" timestamp="2012-04-20T08:38:37Z" user="LTKA" uid="558260" lat="12.5539144" lon="109.2134003"/>
 <node id="1336592582" visible="true" version="3" changeset="11361484" timestamp="2012-04-20T08:38:38Z" user="LTKA" uid="558260" lat="12.5832652" lon="109.2210656"/>
 <node id="1336597720" visible="true" version="4" changeset="53806138" timestamp="2017-11-15T15:02:52Z" user="Алекс Мок" uid="4814295" lat="12.5636459" lon="109.2327913"/>
 <node id="1336601205" visible="true" version="5" changeset="78084670" timestamp="2019-12-07T11:43:43Z" user="RSergei" uid="432509" lat="12.5650338" lon="109.2330504"/>
 <node id="1336607128" visible="true" version="3" changeset="11361484" timestamp="2012-04-20T08:38:40Z" user="LTKA" uid="558260" lat="12.5798309" lon="109.2197250"/>
 <node id="1336628163" visible="true" version="3" changeset="11361484" timestamp="2012-04-20T08:38:42Z" user="LTKA" uid="558260" lat="12.5763677" lon="109.2160355"/>
 <node id="1336630998" visible="true" version="3" changeset="11361484" timestamp="2012-04-20T08:38:43Z" user="LTKA" uid="558260" lat="12.5876288" lon="109.2243446"/>
 <node id="1336639986" visible="true" version="4" changeset="53813904" timestamp="2017-11-15T19:04:59Z" user="Алекс Мок" uid="4814295" lat="12.5689130" lon="109.2114181"/>
 <node id="1336658034" visible="true" version="4" changeset="53813904" timestamp="2017-11-15T19:04:59Z" user="Алекс Мок" uid="4814295" lat="12.5721636" lon="109.2225275"/>
 <node id="1336658882" visible="true" version="4" changeset="53813904" timestamp="2017-11-15T19:04:59Z" user="Алекс Мок" uid="4814295" lat="12.5740744" lon="109.2209738"/>
 <node id="1723705413" visible="true" version="4" changeset="80623045" timestamp="2020-02-06T06:35:46Z" user="Rizky IRM-ED" uid="9421521" lat="12.5552453" lon="109.2172102"/>
 <node id="1723705429" visible="true" version="2" changeset="106572134" timestamp="2021-06-18T07:35:43Z" user="mani_sh5" uid="11659188" lat="12.5609868" lon="109.2290461"/>
 <node id="1723705433" visible="true" version="2" changeset="53813904" timestamp="2017-11-15T19:04:59Z" user="Алекс Мок" uid="4814295" lat="12.5613656" lon="109.2181714"/>
 <node id="1723705441" visible="true" version="1" changeset="11361484" timestamp="2012-04-20T08:35:58Z" user="LTKA" uid="558260" lat="12.5619143" lon="109.2192256"/>
 <node id="1723705445" visible="true" version="1" changeset="11361484" timestamp="2012-04-20T08:35:59Z" user="LTKA" uid="558260" lat="12.5619792" lon="109.2199568"/>
 <node id="1723705446" visible="true" version="1" changeset="11361484" timestamp="2012-04-20T08:35:59Z" user="LTKA" uid="558260" lat="12.5621955" lon="109.2187824"/>
 <node id="1723705449" visible="true" version="1" changeset="11361484" timestamp="2012-04-20T08:35:59Z" user="LTKA" uid="558260" lat="12.5622928" lon="109.2203225"/>
 <node id="1723705451" visible="true" version="1" changeset="11361484" timestamp="2012-04-20T08:35:59Z" user="LTKA" uid="558260" lat="12.5623577" lon="109.2205108"/>
 <node id="1723705453" visible="true" version="1" changeset="11361484" timestamp="2012-04-20T08:35:59Z" user="LTKA" uid="558260" lat="12.5623902" lon="109.2216631"/>
 <node id="1723705454" visible="true" version="1" changeset="11361484" timestamp="2012-04-20T08:35:59Z" user="LTKA" uid="558260" lat="12.5624550" lon="109.2186605"/>
 <node id="1723705459" visible="true" version="1" changeset="11361484" timestamp="2012-04-20T08:36:00Z" user="LTKA" uid="558260" lat="12.5626064" lon="109.2187824"/>
 <node id="1723705461" visible="true" version="1" changeset="11361484" timestamp="2012-04-20T08:36:00Z" user="LTKA" uid="558260" lat="12.5627146" lon="109.2222060"/>
 <node id="1723705464" visible="true" version="1" changeset="11361484" timestamp="2012-04-20T08:36:00Z" user="LTKA" uid="558260" lat="12.5628335" lon="109.2183171"/>
 <node id="1723705465" visible="true" version="1" changeset="11361484" timestamp="2012-04-20T08:36:00Z" user="LTKA" uid="558260" lat="12.5628335" lon="109.2187048"/>
 <node id="1723705466" visible="true" version="1" changeset="11361484" timestamp="2012-04-20T08:36:00Z" user="LTKA" uid="558260" lat="12.5628768" lon="109.2180733"/>
 <node id="1723705468" visible="true" version="1" changeset="11361484" timestamp="2012-04-20T08:36:01Z" user="LTKA" uid="558260" lat="12.5629741" lon="109.2186605"/>
 <node id="1723705469" visible="true" version="2" changeset="106572134" timestamp="2021-06-18T07:35:43Z" user="mani_sh5" uid="11659188" lat="12.5630171" lon="109.2294296"/>
 <node id="1723705471" visible="true" version="1" changeset="11361484" timestamp="2012-04-20T08:36:01Z" user="LTKA" uid="558260" lat="12.5631147" lon="109.2184833"/>
 <node id="1723705472" visible="true" version="1" changeset="11361484" timestamp="2012-04-20T08:36:01Z" user="LTKA" uid="558260" lat="12.5631796" lon="109.2179404"/>
 <node id="1723705473" visible="true" version="2" changeset="53813904" timestamp="2017-11-15T19:04:59Z" user="Алекс Мок" uid="4814295" lat="12.5632198" lon="109.2176618"/>
 <node id="1723705475" visible="true" version="1" changeset="11361484" timestamp="2012-04-20T08:36:01Z" user="LTKA" uid="558260" lat="12.5632337" lon="109.2188046"/>
 <node id="1723705477" visible="true" version="1" changeset="11361484" timestamp="2012-04-20T08:36:02Z" user="LTKA" uid="558260" lat="12.5632769" lon="109.2225495"/>
 <node id="1723705478" visible="true" version="1" changeset="11361484" timestamp="2012-04-20T08:36:02Z" user="LTKA" uid="558260" lat="12.5633202" lon="109.2187159"/>
 <node id="1723705481" visible="true" version="1" changeset="11361484" timestamp="2012-04-20T08:36:02Z" user="LTKA" uid="558260" lat="12.5635148" lon="109.2181509"/>
 <node id="1723705483" visible="true" version="1" changeset="11361484" timestamp="2012-04-20T08:36:02Z" user="LTKA" uid="558260" lat="12.5637852" lon="109.2228597"/>
 <node id="1723705485" visible="true" version="1" changeset="11361484" timestamp="2012-04-20T08:36:02Z" user="LTKA" uid="558260" lat="12.5638034" lon="109.2180895"/>
 <node id="1723705487" visible="true" version="1" changeset="11361484" timestamp="2012-04-20T08:36:02Z" user="LTKA" uid="558260" lat="12.5638068" lon="109.2184500"/>
 <node id="1723705490" visible="true" version="1" changeset="11361484" timestamp="2012-04-20T08:36:02Z" user="LTKA" uid="558260" lat="12.5640339" lon="109.2186938"/>
 <node id="1723705495" visible="true" version="1" changeset="11361484" timestamp="2012-04-20T08:36:03Z" user="LTKA" uid="558260" lat="12.5642610" lon="109.2190372"/>
 <node id="1723705497" visible="true" version="1" changeset="11361484" timestamp="2012-04-20T08:36:03Z" user="LTKA" uid="558260" lat="12.5642718" lon="109.2204554"/>
 <node id="1723705498" visible="true" version="1" changeset="11361484" timestamp="2012-04-20T08:36:03Z" user="LTKA" uid="558260" lat="12.5642935" lon="109.2198128"/>
 <node id="1723705499" visible="true" version="1" changeset="11361484" timestamp="2012-04-20T08:36:03Z" user="LTKA" uid="558260" lat="12.5642935" lon="109.2233139"/>
 <node id="1723705501" visible="true" version="1" changeset="11361484" timestamp="2012-04-20T08:36:03Z" user="LTKA" uid="558260" lat="12.5644523" lon="109.2187543"/>
 <node id="1723705502" visible="true" version="2" changeset="106572134" timestamp="2021-06-18T07:35:43Z" user="mani_sh5" uid="11659188" lat="12.5644568" lon="109.2299278"/>
 <node id="1723705503" visible="true" version="1" changeset="11361484" timestamp="2012-04-20T08:36:03Z" user="LTKA" uid="558260" lat="12.5645206" lon="109.2209208"/>
 <node id="1723705506" visible="true" version="1" changeset="11361484" timestamp="2012-04-20T08:36:04Z" user="LTKA" uid="558260" lat="12.5645746" lon="109.2238458"/>
 <node id="1723705508" visible="true" version="1" changeset="11361484" timestamp="2012-04-20T08:36:04Z" user="LTKA" uid="558260" lat="12.5646395" lon="109.2263276"/>
 <node id="1723705509" visible="true" version="1" changeset="11361484" timestamp="2012-04-20T08:36:04Z" user="LTKA" uid="558260" lat="12.5646828" lon="109.2247100"/>
 <node id="1723705510" visible="true" version="1" changeset="11361484" timestamp="2012-04-20T08:36:04Z" user="LTKA" uid="558260" lat="12.5648234" lon="109.2271696"/>
 <node id="1723705512" visible="true" version="1" changeset="11361484" timestamp="2012-04-20T08:36:04Z" user="LTKA" uid="558260" lat="12.5649423" lon="109.2260284"/>
 <node id="1723705513" visible="true" version="1" changeset="11361484" timestamp="2012-04-20T08:36:04Z" user="LTKA" uid="558260" lat="12.5649639" lon="109.2211423"/>
 <node id="1723705518" visible="true" version="1" changeset="11361484" timestamp="2012-04-20T08:36:05Z" user="LTKA" uid="558260" lat="12.5650829" lon="109.2273358"/>
 <node id="1723705520" visible="true" version="1" changeset="11361484" timestamp="2012-04-20T08:36:05Z" user="LTKA" uid="558260" lat="12.5652992" lon="109.2211977"/>
 <node id="1723705523" visible="true" version="1" changeset="11361484" timestamp="2012-04-20T08:36:05Z" user="LTKA" uid="558260" lat="12.5654614" lon="109.2208432"/>
 <node id="1723705524" visible="true" version="2" changeset="106572134" timestamp="2021-06-18T07:35:43Z" user="mani_sh5" uid="11659188" lat="12.5654842" lon="109.2303654"/>
 <node id="1723705525" visible="true" version="1" changeset="11361484" timestamp="2012-04-20T08:36:05Z" user="LTKA" uid="558260" lat="12.5655479" lon="109.2273026"/>
 <node id="1723705526" visible="true" version="1" changeset="11361484" timestamp="2012-04-20T08:36:05Z" user="LTKA" uid="558260" lat="12.5657101" lon="109.2209872"/>
 <node id="1723705529" visible="true" version="1" changeset="11361484" timestamp="2012-04-20T08:36:05Z" user="LTKA" uid="558260" lat="12.5660021" lon="109.2276128"/>
 <node id="1723705530" visible="true" version="1" changeset="11361484" timestamp="2012-04-20T08:36:05Z" user="LTKA" uid="558260" lat="12.5660454" lon="109.2209872"/>
 <node id="1723705545" visible="true" version="1" changeset="11361484" timestamp="2012-04-20T08:36:07Z" user="LTKA" uid="558260" lat="12.5665536" lon="109.2210870"/>
 <node id="1723705547" visible="true" version="1" changeset="11361484" timestamp="2012-04-20T08:36:07Z" user="LTKA" uid="558260" lat="12.5667050" lon="109.2280560"/>
 <node id="1723705552" visible="true" version="3" changeset="106572134" timestamp="2021-06-18T07:35:43Z" user="mani_sh5" uid="11659188" lat="12.5668944" lon="109.2310087"/>
 <node id="1723705556" visible="true" version="1" changeset="11361484" timestamp="2012-04-20T08:36:08Z" user="LTKA" uid="558260" lat="12.5672566" lon="109.2282443"/>
 <node id="1723705558" visible="true" version="2" changeset="106572134" timestamp="2021-06-18T07:35:43Z" user="mani_sh5" uid="11659188" lat="12.5672901" lon="109.2311438"/>
 <node id="1723705559" visible="true" version="1" changeset="11361484" timestamp="2012-04-20T08:36:08Z" user="LTKA" uid="558260" lat="12.5673647" lon="109.2211977"/>
 <node id="1723705561" visible="true" version="1" changeset="11361484" timestamp="2012-04-20T08:36:08Z" user="LTKA" uid="558260" lat="12.5675992" lon="109.2207375"/>
 <node id="1723705565" visible="true" version="1" changeset="11361484" timestamp="2012-04-20T08:36:09Z" user="LTKA" uid="558260" lat="12.5678513" lon="109.2214858"/>
 <node id="1723705566" visible="true" version="1" changeset="11361484" timestamp="2012-04-20T08:36:09Z" user="LTKA" uid="558260" lat="12.5678513" lon="109.2286654"/>
 <node id="1723705569" visible="true" version="2" changeset="106572134" timestamp="2021-06-18T07:35:43Z" user="mani_sh5" uid="11659188" lat="12.5680742" lon="109.2313183"/>
 <node id="1723705570" visible="true" version="1" changeset="11361484" timestamp="2012-04-20T08:36:09Z" user="LTKA" uid="558260" lat="12.5682264" lon="109.2209813"/>
 <node id="1723705575" visible="true" version="2" changeset="106572134" timestamp="2021-06-18T07:35:43Z" user="mani_sh5" uid="11659188" lat="12.5683905" lon="109.2314734"/>
 <node id="1723705577" visible="true" version="1" changeset="11361484" timestamp="2012-04-20T08:36:09Z" user="LTKA" uid="558260" lat="12.5684245" lon="109.2290088"/>
 <node id="1723705578" visible="true" version="1" changeset="11361484" timestamp="2012-04-20T08:36:10Z" user="LTKA" uid="558260" lat="12.5684353" lon="109.2218736"/>
 <node id="1723705594" visible="true" version="1" changeset="11361484" timestamp="2012-04-20T08:36:11Z" user="LTKA" uid="558260" lat="12.5687165" lon="109.2221063"/>
 <node id="1723705598" visible="true" version="2" changeset="106572134" timestamp="2021-06-18T07:35:43Z" user="mani_sh5" uid="11659188" lat="12.5688149" lon="109.2316562"/>
 <node id="1723705601" visible="true" version="1" changeset="11361484" timestamp="2012-04-20T08:36:11Z" user="LTKA" uid="558260" lat="12.5690733" lon="109.2294409"/>
 <node id="1723705602" visible="true" version="2" changeset="106572134" timestamp="2021-06-18T07:35:43Z" user="mani_sh5" uid="11659188" lat="12.5690907" lon="109.2317033"/>
 <node id="1723705603" visible="true" version="1" changeset="11361484" timestamp="2012-04-20T08:36:11Z" user="LTKA" uid="558260" lat="12.5691923" lon="109.2222725"/>
 <node id="1723705607" visible="true" version="1" changeset="11361484" timestamp="2012-04-20T08:36:11Z" user="LTKA" uid="558260" lat="12.5692572" lon="109.2296404"/>
 <node id="1723705608" visible="true" version="2" changeset="106572134" timestamp="2021-06-18T07:35:43Z" user="mani_sh5" uid="11659188" lat="12.5693313" lon="109.2318252"/>
 <node id="1723705610" visible="true" version="2" changeset="181369678" timestamp="2026-04-15T14:12:31Z" user="Heo Tham An" uid="23305067" lat="12.5693787" lon="109.2218393"/>
 <node id="1723705613" visible="true" version="1" changeset="11361484" timestamp="2012-04-20T08:36:12Z" user="LTKA" uid="558260" lat="12.5694842" lon="109.2226270"/>
 <node id="1723705615" visible="true" version="1" changeset="11361484" timestamp="2012-04-20T08:36:12Z" user="LTKA" uid="558260" lat="12.5694842" lon="109.2234469"/>
 <node id="1723705623" visible="true" version="1" changeset="11361484" timestamp="2012-04-20T08:36:13Z" user="LTKA" uid="558260" lat="12.5696465" lon="109.2228375"/>
 <node id="1723705625" visible="true" version="2" changeset="106572134" timestamp="2021-06-18T07:35:43Z" user="mani_sh5" uid="11659188" lat="12.5696395" lon="109.2319554"/>
 <node id="1723705627" visible="true" version="1" changeset="11361484" timestamp="2012-04-20T08:36:13Z" user="LTKA" uid="558260" lat="12.5697772" lon="109.2335810"/>
 <node id="1723705628" visible="true" version="1" changeset="11361484" timestamp="2012-04-20T08:36:13Z" user="LTKA" uid="558260" lat="12.5698736" lon="109.2235134"/>
 <node id="1723705631" visible="true" version="1" changeset="11361484" timestamp="2012-04-20T08:36:13Z" user="LTKA" uid="558260" lat="12.5699276" lon="109.2257293"/>
 <node id="1723705632" visible="true" version="2" changeset="106572134" timestamp="2021-06-18T07:35:43Z" user="mani_sh5" uid="11659188" lat="12.5699396" lon="109.2321160"/>
 <node id="1723705635" visible="true" version="2" changeset="73170276" timestamp="2019-08-08T20:20:30Z" user="Denis Venidiktov" uid="5502474" lat="12.5699207" lon="109.2216549"/>
 <node id="1723705636" visible="true" version="1" changeset="11361484" timestamp="2012-04-20T08:36:14Z" user="LTKA" uid="558260" lat="12.5700574" lon="109.2237350"/>
 <node id="1723705638" visible="true" version="1" changeset="11361484" timestamp="2012-04-20T08:36:14Z" user="LTKA" uid="558260" lat="12.5700682" lon="109.2301390"/>
 <node id="1723705641" visible="true" version="1" changeset="11361484" timestamp="2012-04-20T08:36:14Z" user="LTKA" uid="558260" lat="12.5701223" lon="109.2265713"/>
 <node id="1723705645" visible="true" version="2" changeset="73170276" timestamp="2019-08-08T20:20:30Z" user="Denis Venidiktov" uid="5502474" lat="12.5700554" lon="109.2231494"/>
 <node id="1723705648" visible="true" version="2" changeset="106572134" timestamp="2021-06-18T07:35:43Z" user="mani_sh5" uid="11659188" lat="12.5701937" lon="109.2322850"/>
 <node id="1723705653" visible="true" version="2" changeset="73170276" timestamp="2019-08-08T20:20:30Z" user="Denis Venidiktov" uid="5502474" lat="12.5703779" lon="109.2239347"/>
 <node id="1723705654" visible="true" version="1" changeset="11361484" timestamp="2012-04-20T08:36:15Z" user="LTKA" uid="558260" lat="12.5703818" lon="109.2242003"/>
 <node id="1723705655" visible="true" version="1" changeset="11361484" timestamp="2012-04-20T08:36:15Z" user="LTKA" uid="558260" lat="12.5704143" lon="109.2309367"/>
 <node id="1723705656" visible="true" version="2" changeset="106572134" timestamp="2021-06-18T07:35:43Z" user="mani_sh5" uid="11659188" lat="12.5704019" lon="109.2324595"/>
 <node id="1723705657" visible="true" version="1" changeset="11361484" timestamp="2012-04-20T08:36:15Z" user="LTKA" uid="558260" lat="12.5704791" lon="109.2247875"/>
 <node id="1723705658" visible="true" version="1" changeset="11361484" timestamp="2012-04-20T08:36:15Z" user="LTKA" uid="558260" lat="12.5705008" lon="109.2268372"/>
 <node id="1723705661" visible="true" version="1" changeset="11361484" timestamp="2012-04-20T08:36:15Z" user="LTKA" uid="558260" lat="12.5705116" lon="109.2251975"/>
 <node id="1723705662" visible="true" version="1" changeset="11361484" timestamp="2012-04-20T08:36:15Z" user="LTKA" uid="558260" lat="12.5705116" lon="109.2256739"/>
 <node id="1723705664" visible="true" version="2" changeset="73170276" timestamp="2019-08-08T20:20:30Z" user="Denis Venidiktov" uid="5502474" lat="12.5706539" lon="109.2244906"/>
 <node id="1723705665" visible="true" version="1" changeset="11361484" timestamp="2012-04-20T08:36:15Z" user="LTKA" uid="558260" lat="12.5706846" lon="109.2316569"/>
 <node id="1723705671" visible="true" version="1" changeset="11361484" timestamp="2012-04-20T08:36:17Z" user="LTKA" uid="558260" lat="12.5708468" lon="109.2269370"/>
 <node id="1723705676" visible="true" version="1" changeset="11361484" timestamp="2012-04-20T08:36:17Z" user="LTKA" uid="558260" lat="12.5709548" lon="109.2342626"/>
 <node id="1723705680" visible="true" version="2" changeset="73170276" timestamp="2019-08-08T20:20:30Z" user="Denis Venidiktov" uid="5502474" lat="12.5709853" lon="109.2252017"/>
 <node id="1723705682" visible="true" version="1" changeset="11361484" timestamp="2012-04-20T08:36:17Z" user="LTKA" uid="558260" lat="12.5711929" lon="109.2268705"/>
 <node id="1723705685" visible="true" version="1" changeset="11361484" timestamp="2012-04-20T08:36:17Z" user="LTKA" uid="558260" lat="12.5712794" lon="109.2320890"/>
 <node id="1723705687" visible="true" version="2" changeset="73170276" timestamp="2019-08-08T20:20:30Z" user="Denis Venidiktov" uid="5502474" lat="12.5713236" lon="109.2257090"/>
 <node id="1723705691" visible="true" version="1" changeset="11361484" timestamp="2012-04-20T08:36:18Z" user="LTKA" uid="558260" lat="12.5714746" lon="109.2353550"/>
 <node id="1723705692" visible="true" version="1" changeset="11361484" timestamp="2012-04-20T08:36:18Z" user="LTKA" uid="558260" lat="12.5716146" lon="109.2268151"/>
 <node id="1723705693" visible="true" version="1" changeset="11361484" timestamp="2012-04-20T08:36:18Z" user="LTKA" uid="558260" lat="12.5717660" lon="109.2271807"/>
 <node id="1723705696" visible="true" version="1" changeset="11361484" timestamp="2012-04-20T08:36:18Z" user="LTKA" uid="558260" lat="12.5718315" lon="109.2348288"/>
 <node id="1723705697" visible="true" version="1" changeset="11361484" timestamp="2012-04-20T08:36:18Z" user="LTKA" uid="558260" lat="12.5718633" lon="109.2321776"/>
 <node id="1723705699" visible="true" version="2" changeset="73170276" timestamp="2019-08-08T20:20:30Z" user="Denis Venidiktov" uid="5502474" lat="12.5719022" lon="109.2273042"/>
 <node id="1723705700" visible="true" version="2" changeset="73170276" timestamp="2019-08-08T20:20:30Z" user="Denis Venidiktov" uid="5502474" lat="12.5718548" lon="109.2268364"/>
 <node id="1723705701" visible="true" version="2" changeset="73170276" timestamp="2019-08-08T20:20:30Z" user="Denis Venidiktov" uid="5502474" lat="12.5717852" lon="109.2264717"/>
 <node id="1723705702" visible="true" version="1" changeset="11361484" timestamp="2012-04-20T08:36:19Z" user="LTKA" uid="558260" lat="12.5719390" lon="109.2274355"/>
 <node id="1723705703" visible="true" version="2" changeset="130019713" timestamp="2022-12-13T04:26:43Z" user="rekeda_" uid="13298535" lat="12.5720175" lon="109.2354605"/>
 <node id="1723705704" visible="true" version="1" changeset="11361484" timestamp="2012-04-20T08:36:19Z" user="LTKA" uid="558260" lat="12.5721299" lon="109.2351346"/>
 <node id="1723705705" visible="true" version="1" changeset="11361484" timestamp="2012-04-20T08:36:19Z" user="LTKA" uid="558260" lat="12.5721718" lon="109.2350247"/>
 <node id="1723705706" visible="true" version="1" changeset="11361484" timestamp="2012-04-20T08:36:19Z" user="LTKA" uid="558260" lat="12.5722255" lon="109.2348839"/>
 <node id="1723705707" visible="true" version="1" changeset="11361484" timestamp="2012-04-20T08:36:19Z" user="LTKA" uid="558260" lat="12.5724396" lon="109.2345235"/>
 <node id="1723705708" visible="true" version="1" changeset="11361484" timestamp="2012-04-20T08:36:19Z" user="LTKA" uid="558260" lat="12.5724797" lon="109.2324878"/>
 <node id="1723705710" visible="true" version="1" changeset="11361484" timestamp="2012-04-20T08:36:19Z" user="LTKA" uid="558260" lat="12.5725674" lon="109.2343432"/>
 <node id="1723705711" visible="true" version="2" changeset="106572134" timestamp="2021-06-18T07:35:43Z" user="mani_sh5" uid="11659188" lat="12.5726042" lon="109.2343014"/>
 <node id="1723705712" visible="true" version="1" changeset="11361484" timestamp="2012-04-20T08:36:19Z" user="LTKA" uid="558260" lat="12.5726729" lon="109.2341945"/>
 <node id="1723705713" visible="true" version="1" changeset="11361484" timestamp="2012-04-20T08:36:19Z" user="LTKA" uid="558260" lat="12.5726939" lon="109.2344521"/>
 <node id="1723705714" visible="true" version="2" changeset="130019713" timestamp="2022-12-13T04:26:43Z" user="rekeda_" uid="13298535" lat="12.5726922" lon="109.2358477"/>
 <node id="1723705715" visible="true" version="1" changeset="11361484" timestamp="2012-04-20T08:36:19Z" user="LTKA" uid="558260" lat="12.5727825" lon="109.2308480"/>
 <node id="1723705716" visible="true" version="1" changeset="11361484" timestamp="2012-04-20T08:36:19Z" user="LTKA" uid="558260" lat="12.5727825" lon="109.2318563"/>
 <node id="1723705718" visible="true" version="1" changeset="11361484" timestamp="2012-04-20T08:36:19Z" user="LTKA" uid="558260" lat="12.5728041" lon="109.2289867"/>
 <node id="1723705723" visible="true" version="1" changeset="11361484" timestamp="2012-04-20T08:36:20Z" user="LTKA" uid="558260" lat="12.5728258" lon="109.2313134"/>
 <node id="1723705724" visible="true" version="1" changeset="11361484" timestamp="2012-04-20T08:36:21Z" user="LTKA" uid="558260" lat="12.5728366" lon="109.2320890"/>
 <node id="1723705726" visible="true" version="1" changeset="11361484" timestamp="2012-04-20T08:36:21Z" user="LTKA" uid="558260" lat="12.5729021" lon="109.2345268"/>
 <node id="1723705727" visible="true" version="1" changeset="11361484" timestamp="2012-04-20T08:36:21Z" user="LTKA" uid="558260" lat="12.5729048" lon="109.2355600"/>
 <node id="1723705728" visible="true" version="1" changeset="11361484" timestamp="2012-04-20T08:36:21Z" user="LTKA" uid="558260" lat="12.5729447" lon="109.2305489"/>
 <node id="1723705729" visible="true" version="1" changeset="11361484" timestamp="2012-04-20T08:36:21Z" user="LTKA" uid="558260" lat="12.5729643" lon="109.2345158"/>
 <node id="1723705731" visible="true" version="1" changeset="11361484" timestamp="2012-04-20T08:36:21Z" user="LTKA" uid="558260" lat="12.5729787" lon="109.2339359"/>
 <node id="1723705732" visible="true" version="1" changeset="11361484" timestamp="2012-04-20T08:36:21Z" user="LTKA" uid="558260" lat="12.5730062" lon="109.2227540"/>
 <node id="1723705733" visible="true" version="1" changeset="11361484" timestamp="2012-04-20T08:36:21Z" user="LTKA" uid="558260" lat="12.5730183" lon="109.2352249"/>
 <node id="1723705735" visible="true" version="1" changeset="11361484" timestamp="2012-04-20T08:36:21Z" user="LTKA" uid="558260" lat="12.5730420" lon="109.2316458"/>
 <node id="1723705736" visible="true" version="1" changeset="11361484" timestamp="2012-04-20T08:36:21Z" user="LTKA" uid="558260" lat="12.5730508" lon="109.2346321"/>
 <node id="1723705737" visible="true" version="1" changeset="11361484" timestamp="2012-04-20T08:36:21Z" user="LTKA" uid="558260" lat="12.5730562" lon="109.2338356"/>
 <node id="1723705738" visible="true" version="1" changeset="11361484" timestamp="2012-04-20T08:36:21Z" user="LTKA" uid="558260" lat="12.5730697" lon="109.2342692"/>
 <node id="1723705740" visible="true" version="1" changeset="11361484" timestamp="2012-04-20T08:36:21Z" user="LTKA" uid="558260" lat="12.5730967" lon="109.2340837"/>
 <node id="1723705741" visible="true" version="1" changeset="11361484" timestamp="2012-04-20T08:36:21Z" user="LTKA" uid="558260" lat="12.5731670" lon="109.2347207"/>
 <node id="1723705742" visible="true" version="1" changeset="11361484" timestamp="2012-04-20T08:36:22Z" user="LTKA" uid="558260" lat="12.5731718" lon="109.2310918"/>
 <node id="1723705743" visible="true" version="1" changeset="11361484" timestamp="2012-04-20T08:36:22Z" user="LTKA" uid="558260" lat="12.5731813" lon="109.2336735"/>
 <node id="1723705744" visible="true" version="1" changeset="11361484" timestamp="2012-04-20T08:36:22Z" user="LTKA" uid="558260" lat="12.5731826" lon="109.2308037"/>
 <node id="1723705747" visible="true" version="1" changeset="11361484" timestamp="2012-04-20T08:36:22Z" user="LTKA" uid="558260" lat="12.5731940" lon="109.2350365"/>
 <node id="1723705749" visible="true" version="1" changeset="11361484" timestamp="2012-04-20T08:36:23Z" user="LTKA" uid="558260" lat="12.5732562" lon="109.2349036"/>
 <node id="1723705751" visible="true" version="1" changeset="11361484" timestamp="2012-04-20T08:36:23Z" user="LTKA" uid="558260" lat="12.5732725" lon="109.2347568"/>
 <node id="1723705752" visible="true" version="1" changeset="11361484" timestamp="2012-04-20T08:36:23Z" user="LTKA" uid="558260" lat="12.5732908" lon="109.2298841"/>
 <node id="1723705753" visible="true" version="1" changeset="11361484" timestamp="2012-04-20T08:36:23Z" user="LTKA" uid="558260" lat="12.5732989" lon="109.2347695"/>
 <node id="1723705754" visible="true" version="1" changeset="11361484" timestamp="2012-04-20T08:36:23Z" user="LTKA" uid="558260" lat="12.5733665" lon="109.2314796"/>
 <node id="1723705755" visible="true" version="1" changeset="11361484" timestamp="2012-04-20T08:36:23Z" user="LTKA" uid="558260" lat="12.5734238" lon="109.2343773"/>
 <node id="1723705756" visible="true" version="1" changeset="11361484" timestamp="2012-04-20T08:36:23Z" user="LTKA" uid="558260" lat="12.5734337" lon="109.2333797"/>
 <node id="1723705757" visible="true" version="1" changeset="11361484" timestamp="2012-04-20T08:36:23Z" user="LTKA" uid="558260" lat="12.5734638" lon="109.2304824"/>
 <node id="1723705759" visible="true" version="1" changeset="11361484" timestamp="2012-04-20T08:36:23Z" user="LTKA" uid="558260" lat="12.5734962" lon="109.2309145"/>
 <node id="1723705760" visible="true" version="2" changeset="73170276" timestamp="2019-08-08T20:20:30Z" user="Denis Venidiktov" uid="5502474" lat="12.5734644" lon="109.2300045"/>
 <node id="1723705761" visible="true" version="2" changeset="181369678" timestamp="2026-04-15T14:12:31Z" user="Heo Tham An" uid="23305067" lat="12.5734802" lon="109.2325552"/>
 <node id="1723705762" visible="true" version="2" changeset="181369678" timestamp="2026-04-15T14:12:31Z" user="Heo Tham An" uid="23305067" lat="12.5734797" lon="109.2322852"/>
 <node id="1723705763" visible="true" version="1" changeset="11361484" timestamp="2012-04-20T08:36:23Z" user="LTKA" uid="558260" lat="12.5735254" lon="109.2318911"/>
 <node id="1723705764" visible="true" version="3" changeset="181369678" timestamp="2026-04-15T14:12:31Z" user="Heo Tham An" uid="23305067" lat="12.5734962" lon="109.2321625"/>
 <node id="1723705765" visible="true" version="1" changeset="11361484" timestamp="2012-04-20T08:36:23Z" user="LTKA" uid="558260" lat="12.5735536" lon="109.2341640"/>
 <node id="1723705766" visible="true" version="1" changeset="11361484" timestamp="2012-04-20T08:36:23Z" user="LTKA" uid="558260" lat="12.5735560" lon="109.2331917"/>
 <node id="1723705768" visible="true" version="2" changeset="181369678" timestamp="2026-04-15T14:12:31Z" user="Heo Tham An" uid="23305067" lat="12.5735407" lon="109.2327968"/>
 <node id="1723705770" visible="true" version="2" changeset="181369678" timestamp="2026-04-15T14:12:31Z" user="Heo Tham An" uid="23305067" lat="12.5735803" lon="109.2329795"/>
 <node id="1723705771" visible="true" version="3" changeset="181369678" timestamp="2026-04-15T14:12:31Z" user="Heo Tham An" uid="23305067" lat="12.5735898" lon="109.2313765"/>
 <node id="1723705774" visible="true" version="2" changeset="73170276" timestamp="2019-08-08T20:20:30Z" user="Denis Venidiktov" uid="5502474" lat="12.5735888" lon="109.2303033"/>
 <node id="1723705775" visible="true" version="3" changeset="181369678" timestamp="2026-04-15T14:12:31Z" user="Heo Tham An" uid="23305067" lat="12.5736672" lon="109.2310312"/>
 <node id="1723705776" visible="true" version="2" changeset="106562108" timestamp="2021-06-18T04:39:17Z" user="das2" uid="8924988" lat="12.5736742" lon="109.2325685"/>
 <node id="1723705777" visible="true" version="3" changeset="181369678" timestamp="2026-04-15T14:12:31Z" user="Heo Tham An" uid="23305067" lat="12.5737020" lon="109.2307255"/>
 <node id="1723705778" visible="true" version="1" changeset="11361484" timestamp="2012-04-20T08:36:25Z" user="LTKA" uid="558260" lat="12.5737374" lon="109.2341086"/>
 <node id="1723705780" visible="true" version="2" changeset="73170276" timestamp="2019-08-08T20:20:30Z" user="Denis Venidiktov" uid="5502474" lat="12.5736767" lon="109.2305735"/>
 <node id="1723705781" visible="true" version="2" changeset="106562108" timestamp="2021-06-18T04:39:17Z" user="das2" uid="8924988" lat="12.5737071" lon="109.2326413"/>
 <node id="1723705782" visible="true" version="1" changeset="11361484" timestamp="2012-04-20T08:36:25Z" user="LTKA" uid="558260" lat="12.5739132" lon="109.2339563"/>
 <node id="1723705783" visible="true" version="2" changeset="106562108" timestamp="2021-06-18T04:39:17Z" user="das2" uid="8924988" lat="12.5737860" lon="109.2327600"/>
 <node id="1723705784" visible="true" version="1" changeset="11361484" timestamp="2012-04-20T08:36:25Z" user="LTKA" uid="558260" lat="12.5740235" lon="109.2353714"/>
 <node id="1723705785" visible="true" version="1" changeset="11361484" timestamp="2012-04-20T08:36:25Z" user="LTKA" uid="558260" lat="12.5740343" lon="109.2356816"/>
 <node id="1723705786" visible="true" version="1" changeset="11361484" timestamp="2012-04-20T08:36:25Z" user="LTKA" uid="558260" lat="12.5740667" lon="109.2349614"/>
 <node id="1723705787" visible="true" version="1" changeset="11361484" timestamp="2012-04-20T08:36:25Z" user="LTKA" uid="558260" lat="12.5740781" lon="109.2338427"/>
 <node id="1723705789" visible="true" version="2" changeset="106562108" timestamp="2021-06-18T04:39:17Z" user="das2" uid="8924988" lat="12.5741100" lon="109.2330314"/>
 <node id="1723705790" visible="true" version="1" changeset="11361484" timestamp="2012-04-20T08:36:25Z" user="LTKA" uid="558260" lat="12.5741857" lon="109.2346069"/>
 <node id="1723705791" visible="true" version="1" changeset="11361484" timestamp="2012-04-20T08:36:25Z" user="LTKA" uid="558260" lat="12.5742268" lon="109.2338094"/>
 <node id="1723705792" visible="true" version="1" changeset="11361484" timestamp="2012-04-20T08:36:25Z" user="LTKA" uid="558260" lat="12.5742289" lon="109.2361358"/>
 <node id="1723705793" visible="true" version="1" changeset="11361484" timestamp="2012-04-20T08:36:26Z" user="LTKA" uid="558260" lat="12.5743007" lon="109.2238620"/>
 <node id="1723705795" visible="true" version="1" changeset="11361484" timestamp="2012-04-20T08:36:26Z" user="LTKA" uid="558260" lat="12.5743656" lon="109.2236958"/>
 <node id="1723705796" visible="true" version="1" changeset="11361484" timestamp="2012-04-20T08:36:26Z" user="LTKA" uid="558260" lat="12.5743921" lon="109.2331806"/>
 <node id="1723705798" visible="true" version="1" changeset="11361484" timestamp="2012-04-20T08:36:26Z" user="LTKA" uid="558260" lat="12.5744088" lon="109.2234077"/>
 <node id="1723705799" visible="true" version="1" changeset="11361484" timestamp="2012-04-20T08:36:26Z" user="LTKA" uid="558260" lat="12.5744521" lon="109.2233135"/>
 <node id="1723705800" visible="true" version="1" changeset="11361484" timestamp="2012-04-20T08:36:26Z" user="LTKA" uid="558260" lat="12.5744560" lon="109.2343410"/>
 <node id="1723705801" visible="true" version="1" changeset="11361484" timestamp="2012-04-20T08:36:26Z" user="LTKA" uid="558260" lat="12.5744616" lon="109.2230594"/>
 <node id="1723705802" visible="true" version="1" changeset="11361484" timestamp="2012-04-20T08:36:26Z" user="LTKA" uid="558260" lat="12.5744953" lon="109.2228537"/>
 <node id="1723705803" visible="true" version="1" changeset="11361484" timestamp="2012-04-20T08:36:27Z" user="LTKA" uid="558260" lat="12.5745425" lon="109.2365015"/>
 <node id="1723705804" visible="true" version="1" changeset="11361484" timestamp="2012-04-20T08:36:27Z" user="LTKA" uid="558260" lat="12.5745512" lon="109.2336349"/>
 <node id="1723705805" visible="true" version="1" changeset="11361484" timestamp="2012-04-20T08:36:27Z" user="LTKA" uid="558260" lat="12.5745710" lon="109.2232360"/>
 <node id="1723705807" visible="true" version="1" changeset="11361484" timestamp="2012-04-20T08:36:27Z" user="LTKA" uid="558260" lat="12.5746330" lon="109.2333725"/>
 <node id="1723705808" visible="true" version="1" changeset="11361484" timestamp="2012-04-20T08:36:27Z" user="LTKA" uid="558260" lat="12.5746738" lon="109.2227041"/>
 <node id="1723705809" visible="true" version="1" changeset="11361484" timestamp="2012-04-20T08:36:27Z" user="LTKA" uid="558260" lat="12.5746831" lon="109.2368228"/>
 <node id="1723705810" visible="true" version="1" changeset="11361484" timestamp="2012-04-20T08:36:27Z" user="LTKA" uid="558260" lat="12.5746954" lon="109.2221834"/>
 <node id="1723705811" visible="true" version="1" changeset="11361484" timestamp="2012-04-20T08:36:27Z" user="LTKA" uid="558260" lat="12.5747264" lon="109.2372992"/>
 <node id="1723705812" visible="true" version="1" changeset="11361484" timestamp="2012-04-20T08:36:27Z" user="LTKA" uid="558260" lat="12.5747636" lon="109.2335465"/>
 <node id="1723705813" visible="true" version="1" changeset="11361484" timestamp="2012-04-20T08:36:27Z" user="LTKA" uid="558260" lat="12.5747913" lon="109.2376981"/>
 <node id="1723705816" visible="true" version="1" changeset="11361484" timestamp="2012-04-20T08:36:27Z" user="LTKA" uid="558260" lat="12.5748242" lon="109.2336271"/>
 <node id="1723705817" visible="true" version="1" changeset="11361484" timestamp="2012-04-20T08:36:27Z" user="LTKA" uid="558260" lat="12.5748624" lon="109.2338230"/>
 <node id="1723705818" visible="true" version="1" changeset="11361484" timestamp="2012-04-20T08:36:27Z" user="LTKA" uid="558260" lat="12.5748670" lon="109.2343520"/>
 <node id="1723705819" visible="true" version="1" changeset="11361484" timestamp="2012-04-20T08:36:28Z" user="LTKA" uid="558260" lat="12.5748963" lon="109.2231139"/>
 <node id="1723705835" visible="true" version="1" changeset="11361484" timestamp="2012-04-20T08:36:28Z" user="LTKA" uid="558260" lat="12.5749210" lon="109.2379529"/>
 <node id="1723705837" visible="true" version="1" changeset="11361484" timestamp="2012-04-20T08:36:28Z" user="LTKA" uid="558260" lat="12.5749333" lon="109.2232193"/>
 <node id="1723705839" visible="true" version="1" changeset="11361484" timestamp="2012-04-20T08:36:28Z" user="LTKA" uid="558260" lat="12.5749847" lon="109.2341325"/>
 <node id="1723705841" visible="true" version="1" changeset="11361484" timestamp="2012-04-20T08:36:28Z" user="LTKA" uid="558260" lat="12.5752130" lon="109.2382964"/>
 <node id="1723705843" visible="true" version="2" changeset="53849773" timestamp="2017-11-16T17:41:56Z" user="Алекс Мок" uid="4814295" lat="12.5751726" lon="109.2250494"/>
 <node id="1723705846" visible="true" version="1" changeset="11361484" timestamp="2012-04-20T08:36:28Z" user="LTKA" uid="558260" lat="12.5752238" lon="109.2346290"/>
 <node id="1723705848" visible="true" version="2" changeset="53849773" timestamp="2017-11-16T17:41:56Z" user="Алекс Мок" uid="4814295" lat="12.5752480" lon="109.2248837"/>
 <node id="1723705852" visible="true" version="1" changeset="11361484" timestamp="2012-04-20T08:36:29Z" user="LTKA" uid="558260" lat="12.5752901" lon="109.2222388"/>
 <node id="1723705854" visible="true" version="1" changeset="11361484" timestamp="2012-04-20T08:36:29Z" user="LTKA" uid="558260" lat="12.5753821" lon="109.2246320"/>
 <node id="1723705856" visible="true" version="1" changeset="11361484" timestamp="2012-04-20T08:36:29Z" user="LTKA" uid="558260" lat="12.5754037" lon="109.2244990"/>
 <node id="1723705857" visible="true" version="1" changeset="11361484" timestamp="2012-04-20T08:36:29Z" user="LTKA" uid="558260" lat="12.5754320" lon="109.2344654"/>
 <node id="1723705858" visible="true" version="1" changeset="11361484" timestamp="2012-04-20T08:36:29Z" user="LTKA" uid="558260" lat="12.5754902" lon="109.2251361"/>
 <node id="1723705859" visible="true" version="1" changeset="11361484" timestamp="2012-04-20T08:36:29Z" user="LTKA" uid="558260" lat="12.5755050" lon="109.2348285"/>
 <node id="1723705861" visible="true" version="1" changeset="11361484" timestamp="2012-04-20T08:36:29Z" user="LTKA" uid="558260" lat="12.5755050" lon="109.2384072"/>
 <node id="1723705863" visible="true" version="1" changeset="11361484" timestamp="2012-04-20T08:36:29Z" user="LTKA" uid="558260" lat="12.5756996" lon="109.2351387"/>
 <node id="1723705865" visible="true" version="1" changeset="11361484" timestamp="2012-04-20T08:36:29Z" user="LTKA" uid="558260" lat="12.5757608" lon="109.2346613"/>
 <node id="1723705867" visible="true" version="1" changeset="11361484" timestamp="2012-04-20T08:36:29Z" user="LTKA" uid="558260" lat="12.5759282" lon="109.2245046"/>
 <node id="1723705869" visible="true" version="1" changeset="11361484" timestamp="2012-04-20T08:36:29Z" user="LTKA" uid="558260" lat="12.5759591" lon="109.2384958"/>
 <node id="1723705876" visible="true" version="1" changeset="11361484" timestamp="2012-04-20T08:36:29Z" user="LTKA" uid="558260" lat="12.5761120" lon="109.2220227"/>
 <node id="1723705878" visible="true" version="1" changeset="11361484" timestamp="2012-04-20T08:36:29Z" user="LTKA" uid="558260" lat="12.5761322" lon="109.2355265"/>
 <node id="1723705891" visible="true" version="1" changeset="11361484" timestamp="2012-04-20T08:36:30Z" user="LTKA" uid="558260" lat="12.5761661" lon="109.2349394"/>
 <node id="1723705900" visible="true" version="1" changeset="11361484" timestamp="2012-04-20T08:36:30Z" user="LTKA" uid="558260" lat="12.5763052" lon="109.2385955"/>
 <node id="1723705901" visible="true" version="1" changeset="11361484" timestamp="2012-04-20T08:36:31Z" user="LTKA" uid="558260" lat="12.5763932" lon="109.2220338"/>
 <node id="1723705903" visible="true" version="1" changeset="11361484" timestamp="2012-04-20T08:36:31Z" user="LTKA" uid="558260" lat="12.5764349" lon="109.2358367"/>
 <node id="1723705904" visible="true" version="1" changeset="11361484" timestamp="2012-04-20T08:36:31Z" user="LTKA" uid="558260" lat="12.5765255" lon="109.2352293"/>
 <node id="1723705906" visible="true" version="1" changeset="11361484" timestamp="2012-04-20T08:36:31Z" user="LTKA" uid="558260" lat="12.5765283" lon="109.2219452"/>
 <node id="1723705908" visible="true" version="1" changeset="11361484" timestamp="2012-04-20T08:36:31Z" user="LTKA" uid="558260" lat="12.5765608" lon="109.2217568"/>
 <node id="1723705910" visible="true" version="1" changeset="11361484" timestamp="2012-04-20T08:36:31Z" user="LTKA" uid="558260" lat="12.5766945" lon="109.2388503"/>
 <node id="1723705912" visible="true" version="1" changeset="11361484" timestamp="2012-04-20T08:36:31Z" user="LTKA" uid="558260" lat="12.5768849" lon="109.2353899"/>
 <node id="1723705914" visible="true" version="1" changeset="11361484" timestamp="2012-04-20T08:36:31Z" user="LTKA" uid="558260" lat="12.5769122" lon="109.2217347"/>
 <node id="1723705916" visible="true" version="1" changeset="11361484" timestamp="2012-04-20T08:36:31Z" user="LTKA" uid="558260" lat="12.5769555" lon="109.2222776"/>
 <node id="1723705919" visible="true" version="1" changeset="11361484" timestamp="2012-04-20T08:36:31Z" user="LTKA" uid="558260" lat="12.5769609" lon="109.2247594"/>
 <node id="1723705921" visible="true" version="1" changeset="11361484" timestamp="2012-04-20T08:36:31Z" user="LTKA" uid="558260" lat="12.5770513" lon="109.2361026"/>
 <node id="1723705923" visible="true" version="1" changeset="11361484" timestamp="2012-04-20T08:36:31Z" user="LTKA" uid="558260" lat="12.5770730" lon="109.2392603"/>
 <node id="1723705925" visible="true" version="1" changeset="11361484" timestamp="2012-04-20T08:36:31Z" user="LTKA" uid="558260" lat="12.5771563" lon="109.2354330"/>
 <node id="1723705928" visible="true" version="1" changeset="11361484" timestamp="2012-04-20T08:36:31Z" user="LTKA" uid="558260" lat="12.5772027" lon="109.2397145"/>
 <node id="1723705929" visible="true" version="1" changeset="11361484" timestamp="2012-04-20T08:36:31Z" user="LTKA" uid="558260" lat="12.5772258" lon="109.2222776"/>
 <node id="1723705931" visible="true" version="1" changeset="11361484" timestamp="2012-04-20T08:36:31Z" user="LTKA" uid="558260" lat="12.5773101" lon="109.2226875"/>
 <node id="1723705933" visible="true" version="1" changeset="11361484" timestamp="2012-04-20T08:36:32Z" user="LTKA" uid="558260" lat="12.5773649" lon="109.2400691"/>
 <node id="1723705935" visible="true" version="1" changeset="11361484" timestamp="2012-04-20T08:36:32Z" user="LTKA" uid="558260" lat="12.5774125" lon="109.2355387"/>
 <node id="1723705948" visible="true" version="1" changeset="11361484" timestamp="2012-04-20T08:36:32Z" user="LTKA" uid="558260" lat="12.5774514" lon="109.2362134"/>
 <node id="1723705952" visible="true" version="1" changeset="11361484" timestamp="2012-04-20T08:36:33Z" user="LTKA" uid="558260" lat="12.5776962" lon="109.2221557"/>
 <node id="1723705953" visible="true" version="1" changeset="11361484" timestamp="2012-04-20T08:36:33Z" user="LTKA" uid="558260" lat="12.5777881" lon="109.2220006"/>
 <node id="1723705954" visible="true" version="1" changeset="11361484" timestamp="2012-04-20T08:36:33Z" user="LTKA" uid="558260" lat="12.5778732" lon="109.2363796"/>
 <node id="1723705955" visible="true" version="1" changeset="11361484" timestamp="2012-04-20T08:36:33Z" user="LTKA" uid="558260" lat="12.5778963" lon="109.2244215"/>
 <node id="1723705956" visible="true" version="2" changeset="82797094" timestamp="2020-03-30T01:56:07Z" user="Fanny IRM-ED" uid="9421516" lat="12.5778944" lon="109.2219482"/>
 <node id="1723705958" visible="true" version="1" changeset="11361484" timestamp="2012-04-20T08:36:33Z" user="LTKA" uid="558260" lat="12.5779813" lon="109.2434151"/>
 <node id="1723705959" visible="true" version="1" changeset="11361484" timestamp="2012-04-20T08:36:33Z" user="LTKA" uid="558260" lat="12.5780354" lon="109.2427393"/>
 <node id="1723705960" visible="true" version="1" changeset="11361484" timestamp="2012-04-20T08:36:33Z" user="LTKA" uid="558260" lat="12.5780585" lon="109.2222443"/>
 <node id="1723705962" visible="true" version="1" changeset="11361484" timestamp="2012-04-20T08:36:33Z" user="LTKA" uid="558260" lat="12.5781976" lon="109.2366344"/>
 <node id="1723705963" visible="true" version="1" changeset="11361484" timestamp="2012-04-20T08:36:33Z" user="LTKA" uid="558260" lat="12.5782192" lon="109.2407117"/>
 <node id="1723705966" visible="true" version="1" changeset="11361484" timestamp="2012-04-20T08:36:33Z" user="LTKA" uid="558260" lat="12.5783273" lon="109.2438029"/>
 <node id="1723705972" visible="true" version="1" changeset="11361484" timestamp="2012-04-20T08:36:34Z" user="LTKA" uid="558260" lat="12.5784895" lon="109.2422518"/>
 <node id="1723705973" visible="true" version="1" changeset="11361484" timestamp="2012-04-20T08:36:34Z" user="LTKA" uid="558260" lat="12.5785220" lon="109.2370776"/>
 <node id="1723705978" visible="true" version="1" changeset="11361484" timestamp="2012-04-20T08:36:35Z" user="LTKA" uid="558260" lat="12.5786626" lon="109.2409333"/>
 <node id="1723705980" visible="true" version="1" changeset="11361484" timestamp="2012-04-20T08:36:35Z" user="LTKA" uid="558260" lat="12.5786802" lon="109.2241445"/>
 <node id="1723705983" visible="true" version="1" changeset="11361484" timestamp="2012-04-20T08:36:35Z" user="LTKA" uid="558260" lat="12.5787491" lon="109.2442461"/>
 <node id="1723705991" visible="true" version="1" changeset="11361484" timestamp="2012-04-20T08:36:35Z" user="LTKA" uid="558260" lat="12.5788680" lon="109.2421853"/>
 <node id="1723705993" visible="true" version="1" changeset="11361484" timestamp="2012-04-20T08:36:35Z" user="LTKA" uid="558260" lat="12.5789653" lon="109.2410663"/>
 <node id="1723705995" visible="true" version="1" changeset="11361484" timestamp="2012-04-20T08:36:36Z" user="LTKA" uid="558260" lat="12.5791059" lon="109.2375873"/>
 <node id="1723705998" visible="true" version="1" changeset="11361484" timestamp="2012-04-20T08:36:36Z" user="LTKA" uid="558260" lat="12.5791384" lon="109.2447336"/>
 <node id="1723705999" visible="true" version="1" changeset="11361484" timestamp="2012-04-20T08:36:36Z" user="LTKA" uid="558260" lat="12.5791816" lon="109.2412103"/>
 <node id="1723706001" visible="true" version="1" changeset="11361484" timestamp="2012-04-20T08:36:36Z" user="LTKA" uid="558260" lat="12.5793114" lon="109.2420967"/>
 <node id="1723706003" visible="true" version="1" changeset="11361484" timestamp="2012-04-20T08:36:37Z" user="LTKA" uid="558260" lat="12.5794195" lon="109.2420080"/>
 <node id="1723706005" visible="true" version="1" changeset="11361484" timestamp="2012-04-20T08:36:37Z" user="LTKA" uid="558260" lat="12.5794952" lon="109.2377867"/>
 <node id="1723706009" visible="true" version="1" changeset="11361484" timestamp="2012-04-20T08:36:37Z" user="LTKA" uid="558260" lat="12.5798953" lon="109.2381191"/>
 <node id="1723706010" visible="true" version="1" changeset="11361484" timestamp="2012-04-20T08:36:37Z" user="LTKA" uid="558260" lat="12.5799169" lon="109.2450771"/>
 <node id="1723706011" visible="true" version="2" changeset="82326644" timestamp="2020-03-18T03:50:21Z" user="Arma IRM-ED" uid="8072037" lat="12.5798802" lon="109.2377036"/>
 <node id="1723706017" visible="true" version="1" changeset="11361484" timestamp="2012-04-20T08:36:38Z" user="LTKA" uid="558260" lat="12.5803711" lon="109.2384515"/>
 <node id="1723706018" visible="true" version="1" changeset="11361484" timestamp="2012-04-20T08:36:38Z" user="LTKA" uid="558260" lat="12.5804036" lon="109.2451546"/>
 <node id="1723706020" visible="true" version="1" changeset="11361484" timestamp="2012-04-20T08:36:38Z" user="LTKA" uid="558260" lat="12.5805658" lon="109.2387395"/>
 <node id="1723706022" visible="true" version="1" changeset="11361484" timestamp="2012-04-20T08:36:39Z" user="LTKA" uid="558260" lat="12.5808902" lon="109.2391162"/>
 <node id="1723706023" visible="true" version="1" changeset="11361484" timestamp="2012-04-20T08:36:39Z" user="LTKA" uid="558260" lat="12.5808902" lon="109.2450217"/>
 <node id="1723706026" visible="true" version="1" changeset="11361484" timestamp="2012-04-20T08:36:39Z" user="LTKA" uid="558260" lat="12.5812038" lon="109.2448998"/>
 <node id="1723706027" visible="true" version="1" changeset="11361484" timestamp="2012-04-20T08:36:39Z" user="LTKA" uid="558260" lat="12.5812362" lon="109.2392492"/>
 <node id="1723706032" visible="true" version="1" changeset="11361484" timestamp="2012-04-20T08:36:39Z" user="LTKA" uid="558260" lat="12.5815930" lon="109.2393157"/>
 <node id="1723706033" visible="true" version="1" changeset="11361484" timestamp="2012-04-20T08:36:39Z" user="LTKA" uid="558260" lat="12.5816471" lon="109.2444566"/>
 <node id="1723706036" visible="true" version="1" changeset="11361484" timestamp="2012-04-20T08:36:39Z" user="LTKA" uid="558260" lat="12.5818201" lon="109.2395373"/>
 <node id="1723706039" visible="true" version="1" changeset="11361484" timestamp="2012-04-20T08:36:40Z" user="LTKA" uid="558260" lat="12.5820905" lon="109.2442018"/>
 <node id="1723706041" visible="true" version="1" changeset="11361484" timestamp="2012-04-20T08:36:40Z" user="LTKA" uid="558260" lat="12.5821878" lon="109.2399140"/>
 <node id="1723706043" visible="true" version="1" changeset="11361484" timestamp="2012-04-20T08:36:40Z" user="LTKA" uid="558260" lat="12.5822959" lon="109.2402353"/>
 <node id="1723706045" visible="true" version="1" changeset="11361484" timestamp="2012-04-20T08:36:40Z" user="LTKA" uid="558260" lat="12.5826528" lon="109.2403682"/>
 <node id="1723706047" visible="true" version="1" changeset="11361484" timestamp="2012-04-20T08:36:40Z" user="LTKA" uid="558260" lat="12.5827501" lon="109.2440356"/>
 <node id="1723706049" visible="true" version="1" changeset="11361484" timestamp="2012-04-20T08:36:41Z" user="LTKA" uid="558260" lat="12.5830420" lon="109.2408779"/>
 <node id="1723706051" visible="true" version="1" changeset="11361484" timestamp="2012-04-20T08:36:41Z" user="LTKA" uid="558260" lat="12.5834205" lon="109.2439802"/>
 <node id="1723706053" visible="true" version="1" changeset="11361484" timestamp="2012-04-20T08:36:41Z" user="LTKA" uid="558260" lat="12.5835395" lon="109.2411438"/>
 <node id="1723706059" visible="true" version="1" changeset="11361484" timestamp="2012-04-20T08:36:42Z" user="LTKA" uid="558260" lat="12.5839071" lon="109.2439469"/>
 <node id="1723706060" visible="true" version="1" changeset="11361484" timestamp="2012-04-20T08:36:42Z" user="LTKA" uid="558260" lat="12.5840044" lon="109.2412324"/>
 <node id="1723706071" visible="true" version="1" changeset="11361484" timestamp="2012-04-20T08:36:43Z" user="LTKA" uid="558260" lat="12.5844802" lon="109.2415094"/>
 <node id="1723706072" visible="true" version="1" changeset="11361484" timestamp="2012-04-20T08:36:43Z" user="LTKA" uid="558260" lat="12.5844910" lon="109.2439580"/>
 <node id="1723706079" visible="true" version="1" changeset="11361484" timestamp="2012-04-20T08:36:43Z" user="LTKA" uid="558260" lat="12.5849452" lon="109.2414319"/>
 <node id="1723706098" visible="true" version="1" changeset="11361484" timestamp="2012-04-20T08:36:44Z" user="LTKA" uid="558260" lat="12.5849993" lon="109.2438694"/>
 <node id="1723706108" visible="true" version="1" changeset="11361484" timestamp="2012-04-20T08:36:44Z" user="LTKA" uid="558260" lat="12.5853886" lon="109.2416313"/>
 <node id="1723706110" visible="true" version="1" changeset="11361484" timestamp="2012-04-20T08:36:44Z" user="LTKA" uid="558260" lat="12.5854210" lon="109.2437143"/>
 <node id="1723706120" visible="true" version="1" changeset="11361484" timestamp="2012-04-20T08:36:45Z" user="LTKA" uid="558260" lat="12.5857021" lon="109.2418751"/>
 <node id="1723706128" visible="true" version="1" changeset="11361484" timestamp="2012-04-20T08:36:45Z" user="LTKA" uid="558260" lat="12.5858752" lon="109.2433265"/>
 <node id="1723706132" visible="true" version="1" changeset="11361484" timestamp="2012-04-20T08:36:45Z" user="LTKA" uid="558260" lat="12.5859725" lon="109.2429498"/>
 <node id="1723706138" visible="true" version="1" changeset="11361484" timestamp="2012-04-20T08:36:45Z" user="LTKA" uid="558260" lat="12.5860265" lon="109.2423736"/>
 <node id="1804274501" visible="true" version="1" changeset="12040049" timestamp="2012-06-27T19:29:14Z" user="tmcw" uid="957" lat="12.5475042" lon="109.2164224"/>
 <node id="1804274531" visible="true" version="2" changeset="80623045" timestamp="2020-02-06T06:35:46Z" user="Rizky IRM-ED" uid="9421521" lat="12.5497566" lon="109.2165391"/>
 <node id="1804274543" visible="true" version="3" changeset="80623045" timestamp="2020-02-06T06:35:46Z" user="Rizky IRM-ED" uid="9421521" lat="12.5512309" lon="109.2165945"/>
 <node id="1804274553" visible="true" version="1" changeset="12040049" timestamp="2012-06-27T19:29:14Z" user="tmcw" uid="957" lat="12.5527247" lon="109.2167950"/>
 <node id="1804274646" visible="true" version="3" changeset="73170276" timestamp="2019-08-08T20:20:30Z" user="Denis Venidiktov" uid="5502474" lat="12.5576918" lon="109.2175979"/>
 <node id="1804274662" visible="true" version="2" changeset="53813904" timestamp="2017-11-15T19:04:59Z" user="Алекс Мок" uid="4814295" lat="12.5595861" lon="109.2179473"/>
 <node id="4082426638" visible="true" version="2" changeset="53849773" timestamp="2017-11-16T17:41:56Z" user="Алекс Мок" uid="4814295" lat="12.5386889" lon="109.2167965"/>
 <node id="4083169073" visible="true" version="3" changeset="78084670" timestamp="2019-12-07T11:43:43Z" user="RSergei" uid="432509" lat="12.5495742" lon="109.2301165"/>
 <node id="4083169074" visible="true" version="3" changeset="78084670" timestamp="2019-12-07T11:43:43Z" user="RSergei" uid="432509" lat="12.5495907" lon="109.2302219"/>
 <node id="4083169109" visible="true" version="1" changeset="38122841" timestamp="2016-03-28T15:23:37Z" user="j-wills" uid="173900" lat="12.5527629" lon="109.2305186"/>
 <node id="4083169111" visible="true" version="1" changeset="38122841" timestamp="2016-03-28T15:23:37Z" user="j-wills" uid="173900" lat="12.5665043" lon="109.2319470"/>
 <node id="4083169112" visible="true" version="1" changeset="38122841" timestamp="2016-03-28T15:23:37Z" user="j-wills" uid="173900" lat="12.5665161" lon="109.2320542"/>
 <node id="4083169114" visible="true" version="1" changeset="38122841" timestamp="2016-03-28T15:23:37Z" user="j-wills" uid="173900" lat="12.5665697" lon="109.2321092"/>
 <node id="4083169116" visible="true" version="1" changeset="38122841" timestamp="2016-03-28T15:23:37Z" user="j-wills" uid="173900" lat="12.5673616" lon="109.2324284"/>
 <node id="4083169119" visible="true" version="1" changeset="38122841" timestamp="2016-03-28T15:23:37Z" user="j-wills" uid="173900" lat="12.5680685" lon="109.2326215"/>
 <node id="4083169120" visible="true" version="1" changeset="38122841" timestamp="2016-03-28T15:23:37Z" user="j-wills" uid="173900" lat="12.5686143" lon="109.2327355"/>
 <node id="4083169121" visible="true" version="1" changeset="38122841" timestamp="2016-03-28T15:23:37Z" user="j-wills" uid="173900" lat="12.5698238" lon="109.2332612"/>
 <node id="4083169122" visible="true" version="1" changeset="38122841" timestamp="2016-03-28T15:23:38Z" user="j-wills" uid="173900" lat="12.5698677" lon="109.2333806"/>
 <node id="5230968529" visible="true" version="1" changeset="53813904" timestamp="2017-11-15T19:04:52Z" user="Алекс Мок" uid="4814295" lat="12.5629203" lon="109.2175877"/>
 <node id="5230968530" visible="true" version="1" changeset="53813904" timestamp="2017-11-15T19:04:52Z" user="Алекс Мок" uid="4814295" lat="12.5610772" lon="109.2181939"/>
 <node id="5230968535" visible="true" version="2" changeset="73170276" timestamp="2019-08-08T20:20:30Z" user="Denis Venidiktov" uid="5502474" lat="12.5569687" lon="109.2175108"/>
 <node id="5230968536" visible="true" version="2" changeset="73170276" timestamp="2019-08-08T20:20:30Z" user="Denis Venidiktov" uid="5502474" lat="12.5561055" lon="109.2173733"/>
 <node id="5230968602" visible="true" version="2" changeset="73170276" timestamp="2019-08-08T20:20:30Z" user="Denis Venidiktov" uid="5502474" lat="12.5748620" lon="109.2231181"/>
 <node id="5230968603" visible="true" version="1" changeset="53813904" timestamp="2017-11-15T19:04:53Z" user="Алекс Мок" uid="4814295" lat="12.5748528" lon="109.2234349"/>
 <node id="5230968604" visible="true" version="1" changeset="53813904" timestamp="2017-11-15T19:04:53Z" user="Алекс Мок" uid="4814295" lat="12.5749942" lon="109.2235261"/>
 <node id="5230968605" visible="true" version="1" changeset="53813904" timestamp="2017-11-15T19:04:53Z" user="Алекс Мок" uid="4814295" lat="12.5757795" lon="109.2236924"/>
 <node id="5230968606" visible="true" version="2" changeset="73170276" timestamp="2019-08-08T20:20:30Z" user="Denis Venidiktov" uid="5502474" lat="12.5765282" lon="109.2237219"/>
 <node id="5230968607" visible="true" version="1" changeset="53813904" timestamp="2017-11-15T19:04:53Z" user="Алекс Мок" uid="4814295" lat="12.5766801" lon="109.2236549"/>
 <node id="5230968608" visible="true" version="1" changeset="53813904" timestamp="2017-11-15T19:04:53Z" user="Алекс Мок" uid="4814295" lat="12.5768005" lon="109.2233276"/>
 <node id="5230968609" visible="true" version="1" changeset="53813904" timestamp="2017-11-15T19:04:53Z" user="Алекс Мок" uid="4814295" lat="12.5769687" lon="109.2227478"/>
 <node id="5230968610" visible="true" version="1" changeset="53813904" timestamp="2017-11-15T19:04:53Z" user="Алекс Мок" uid="4814295" lat="12.5764078" lon="109.2219651"/>
 <node id="5230968611" visible="true" version="1" changeset="53813904" timestamp="2017-11-15T19:04:53Z" user="Алекс Мок" uid="4814295" lat="12.5764392" lon="109.2217398"/>
 <node id="5230968612" visible="true" version="1" changeset="53813904" timestamp="2017-11-15T19:04:53Z" user="Алекс Мок" uid="4814295" lat="12.5773921" lon="109.2221796"/>
 <node id="5230968613" visible="true" version="1" changeset="53813904" timestamp="2017-11-15T19:04:53Z" user="Алекс Мок" uid="4814295" lat="12.5769995" lon="109.2216968"/>
 <node id="5230968614" visible="true" version="1" changeset="53813904" timestamp="2017-11-15T19:04:53Z" user="Алекс Мок" uid="4814295" lat="12.5769942" lon="109.2222333"/>
 <node id="5230968615" visible="true" version="1" changeset="53813904" timestamp="2017-11-15T19:04:53Z" user="Алекс Мок" uid="4814295" lat="12.5769628" lon="109.2198300"/>
 <node id="5230968616" visible="true" version="1" changeset="53813904" timestamp="2017-11-15T19:04:53Z" user="Алекс Мок" uid="4814295" lat="12.5769523" lon="109.2194223"/>
 <node id="5230968617" visible="true" version="1" changeset="53813904" timestamp="2017-11-15T19:04:53Z" user="Алекс Мок" uid="4814295" lat="12.5762822" lon="109.2182583"/>
 <node id="5230968618" visible="true" version="1" changeset="53813904" timestamp="2017-11-15T19:04:53Z" user="Алекс Мок" uid="4814295" lat="12.5693605" lon="109.2106247"/>
 <node id="5230968619" visible="true" version="1" changeset="53813904" timestamp="2017-11-15T19:04:53Z" user="Алекс Мок" uid="4814295" lat="12.5685384" lon="109.2103779"/>
 <node id="5230968620" visible="true" version="1" changeset="53813904" timestamp="2017-11-15T19:04:53Z" user="Алекс Мок" uid="4814295" lat="12.5677321" lon="109.2105550"/>
 <node id="5230968621" visible="true" version="2" changeset="73170276" timestamp="2019-08-08T20:20:30Z" user="Denis Venidiktov" uid="5502474" lat="12.5698736" lon="109.2211456"/>
 <node id="5230968622" visible="true" version="1" changeset="53813904" timestamp="2017-11-15T19:04:53Z" user="Алекс Мок" uid="4814295" lat="12.5697322" lon="109.2204577"/>
 <node id="5230968623" visible="true" version="1" changeset="53813904" timestamp="2017-11-15T19:04:53Z" user="Алекс Мок" uid="4814295" lat="12.5695071" lon="109.2197335"/>
 <node id="5230968624" visible="true" version="1" changeset="53813904" timestamp="2017-11-15T19:04:53Z" user="Алекс Мок" uid="4814295" lat="12.5687950" lon="109.2177379"/>
 <node id="5230968625" visible="true" version="1" changeset="53813904" timestamp="2017-11-15T19:04:53Z" user="Алекс Мок" uid="4814295" lat="12.5678054" lon="109.2150128"/>
 <node id="5230968626" visible="true" version="1" changeset="53813904" timestamp="2017-11-15T19:04:53Z" user="Алекс Мок" uid="4814295" lat="12.5671090" lon="109.2132533"/>
 <node id="5230968627" visible="true" version="2" changeset="181369678" timestamp="2026-04-15T14:12:31Z" user="Heo Tham An" uid="23305067" lat="12.5667974" lon="109.2121268"/>
 <node id="5230968628" visible="true" version="2" changeset="181369678" timestamp="2026-04-15T14:12:31Z" user="Heo Tham An" uid="23305067" lat="12.5667239" lon="109.2115927"/>
 <node id="5230968629" visible="true" version="2" changeset="181369678" timestamp="2026-04-15T14:12:31Z" user="Heo Tham An" uid="23305067" lat="12.5666633" lon="109.2111539"/>
 <node id="5230968630" visible="true" version="2" changeset="181369678" timestamp="2026-04-15T14:12:31Z" user="Heo Tham An" uid="23305067" lat="12.5666501" lon="109.2109689"/>
 <node id="5231131506" visible="true" version="1" changeset="53816943" timestamp="2017-11-15T20:01:16Z" user="Алекс Мок" uid="4814295" lat="12.5546159" lon="109.2118370"/>
 <node id="5231131508" visible="true" version="1" changeset="53816943" timestamp="2017-11-15T20:01:16Z" user="Алекс Мок" uid="4814295" lat="12.5557050" lon="109.2143369"/>
 <node id="5231131509" visible="true" version="1" changeset="53816943" timestamp="2017-11-15T20:01:16Z" user="Алекс Мок" uid="4814295" lat="12.5591792" lon="109.2131487"/>
 <node id="5231131510" visible="true" version="1" changeset="53816943" timestamp="2017-11-15T20:01:17Z" user="Алекс Мок" uid="4814295" lat="12.5589383" lon="109.2127222"/>
 <node id="5231131511" visible="true" version="1" changeset="53816943" timestamp="2017-11-15T20:01:17Z" user="Алекс Мок" uid="4814295" lat="12.5630355" lon="109.2106783"/>
 <node id="5233167170" visible="true" version="1" changeset="53849773" timestamp="2017-11-16T17:41:39Z" user="Алекс Мок" uid="4814295" lat="12.5780623" lon="109.2295343"/>
 <node id="5233167171" visible="true" version="1" changeset="53849773" timestamp="2017-11-16T17:41:39Z" user="Алекс Мок" uid="4814295" lat="12.5780100" lon="109.2296469"/>
 <node id="5233167172" visible="true" version="1" changeset="53849773" timestamp="2017-11-16T17:41:39Z" user="Алекс Мок" uid="4814295" lat="12.5777063" lon="109.2297274"/>
 <node id="5233167173" visible="true" version="1" changeset="53849773" timestamp="2017-11-16T17:41:39Z" user="Алекс Мок" uid="4814295" lat="12.5777377" lon="109.2298400"/>
 <node id="5233167174" visible="true" version="1" changeset="53849773" timestamp="2017-11-16T17:41:39Z" user="Алекс Мок" uid="4814295" lat="12.5776696" lon="109.2299473"/>
 <node id="5233167175" visible="true" version="1" changeset="53849773" timestamp="2017-11-16T17:41:39Z" user="Алекс Мок" uid="4814295" lat="12.5771722" lon="109.2300171"/>
 <node id="5233167176" visible="true" version="1" changeset="53849773" timestamp="2017-11-16T17:41:39Z" user="Алекс Мок" uid="4814295" lat="12.5760204" lon="109.2300868"/>
 <node id="5233167177" visible="true" version="1" changeset="53849773" timestamp="2017-11-16T17:41:39Z" user="Алекс Мок" uid="4814295" lat="12.5754759" lon="109.2296898"/>
 <node id="5233167178" visible="true" version="1" changeset="53849773" timestamp="2017-11-16T17:41:39Z" user="Алекс Мок" uid="4814295" lat="12.5752141" lon="109.2288530"/>
 <node id="5233167179" visible="true" version="1" changeset="53849773" timestamp="2017-11-16T17:41:40Z" user="Алекс Мок" uid="4814295" lat="12.5746172" lon="109.2273080"/>
 <node id="5233167180" visible="true" version="1" changeset="53849773" timestamp="2017-11-16T17:41:40Z" user="Алекс Мок" uid="4814295" lat="12.5748476" lon="109.2270720"/>
 <node id="5233167181" visible="true" version="1" changeset="53849773" timestamp="2017-11-16T17:41:40Z" user="Алекс Мок" uid="4814295" lat="12.5743764" lon="109.2261815"/>
 <node id="5233167182" visible="true" version="1" changeset="53849773" timestamp="2017-11-16T17:41:40Z" user="Алекс Мок" uid="4814295" lat="12.5740099" lon="109.2252803"/>
 <node id="5233167183" visible="true" version="1" changeset="53849773" timestamp="2017-11-16T17:41:40Z" user="Алекс Мок" uid="4814295" lat="12.5736957" lon="109.2249906"/>
 <node id="5233167184" visible="true" version="1" changeset="53849773" timestamp="2017-11-16T17:41:40Z" user="Алекс Мок" uid="4814295" lat="12.5738004" lon="109.2247760"/>
 <node id="5233167185" visible="true" version="1" changeset="53849773" timestamp="2017-11-16T17:41:40Z" user="Алекс Мок" uid="4814295" lat="12.5733083" lon="109.2245400"/>
 <node id="5233167186" visible="true" version="1" changeset="53849773" timestamp="2017-11-16T17:41:40Z" user="Алекс Мок" uid="4814295" lat="12.5730570" lon="109.2241859"/>
 <node id="5233167187" visible="true" version="1" changeset="53849773" timestamp="2017-11-16T17:41:40Z" user="Алекс Мок" uid="4814295" lat="12.5728999" lon="109.2236817"/>
 <node id="5233167188" visible="true" version="1" changeset="53849773" timestamp="2017-11-16T17:41:40Z" user="Алекс Мок" uid="4814295" lat="12.5728161" lon="109.2229521"/>
 <node id="5233167189" visible="true" version="1" changeset="53849773" timestamp="2017-11-16T17:41:40Z" user="Алекс Мок" uid="4814295" lat="12.5715386" lon="109.2227375"/>
 <node id="5233167190" visible="true" version="1" changeset="53849773" timestamp="2017-11-16T17:41:40Z" user="Алекс Мок" uid="4814295" lat="12.5713292" lon="109.2235529"/>
 <node id="5233167191" visible="true" version="1" changeset="53849773" timestamp="2017-11-16T17:41:40Z" user="Алекс Мок" uid="4814295" lat="12.5711092" lon="109.2238963"/>
 <node id="5233167192" visible="true" version="1" changeset="53849773" timestamp="2017-11-16T17:41:40Z" user="Алекс Мок" uid="4814295" lat="12.5709417" lon="109.2242396"/>
 <node id="5233167193" visible="true" version="1" changeset="53849773" timestamp="2017-11-16T17:41:40Z" user="Алекс Мок" uid="4814295" lat="12.5710464" lon="109.2244756"/>
 <node id="5233167194" visible="true" version="1" changeset="53849773" timestamp="2017-11-16T17:41:40Z" user="Алекс Мок" uid="4814295" lat="12.5711930" lon="109.2247116"/>
 <node id="5233167195" visible="true" version="1" changeset="53849773" timestamp="2017-11-16T17:41:40Z" user="Алекс Мок" uid="4814295" lat="12.5719889" lon="109.2240786"/>
 <node id="5233167196" visible="true" version="1" changeset="53849773" timestamp="2017-11-16T17:41:40Z" user="Алекс Мок" uid="4814295" lat="12.5721459" lon="109.2243147"/>
 <node id="5233167197" visible="true" version="1" changeset="53849773" timestamp="2017-11-16T17:41:40Z" user="Алекс Мок" uid="4814295" lat="12.5729313" lon="109.2259455"/>
 <node id="5233167198" visible="true" version="1" changeset="53849773" timestamp="2017-11-16T17:41:40Z" user="Алекс Мок" uid="4814295" lat="12.5729837" lon="109.2264604"/>
 <node id="5233167199" visible="true" version="1" changeset="53849773" timestamp="2017-11-16T17:41:40Z" user="Алекс Мок" uid="4814295" lat="12.5727742" lon="109.2266321"/>
 <node id="5233167200" visible="true" version="1" changeset="53849773" timestamp="2017-11-16T17:41:40Z" user="Алекс Мок" uid="4814295" lat="12.5731931" lon="109.2279410"/>
 <node id="5233167201" visible="true" version="1" changeset="53849773" timestamp="2017-11-16T17:41:40Z" user="Алекс Мок" uid="4814295" lat="12.5733606" lon="109.2278874"/>
 <node id="5233167202" visible="true" version="1" changeset="53849773" timestamp="2017-11-16T17:41:40Z" user="Алекс Мок" uid="4814295" lat="12.5739156" lon="109.2291641"/>
 <node id="5233167203" visible="true" version="1" changeset="53849773" timestamp="2017-11-16T17:41:40Z" user="Алекс Мок" uid="4814295" lat="12.5743450" lon="109.2300224"/>
 <node id="5233167204" visible="true" version="1" changeset="53849773" timestamp="2017-11-16T17:41:40Z" user="Алекс Мок" uid="4814295" lat="12.5743135" lon="109.2305159"/>
 <node id="5233167205" visible="true" version="1" changeset="53849773" timestamp="2017-11-16T17:41:40Z" user="Алекс Мок" uid="4814295" lat="12.5740936" lon="109.2306554"/>
 <node id="5233167206" visible="true" version="1" changeset="53849773" timestamp="2017-11-16T17:41:40Z" user="Алекс Мок" uid="4814295" lat="12.5756225" lon="109.2319322"/>
 <node id="5233167207" visible="true" version="1" changeset="53849773" timestamp="2017-11-16T17:41:40Z" user="Алекс Мок" uid="4814295" lat="12.5769628" lon="109.2315245"/>
 <node id="5233167208" visible="true" version="1" changeset="53849773" timestamp="2017-11-16T17:41:40Z" user="Алекс Мок" uid="4814295" lat="12.5781984" lon="109.2309880"/>
 <node id="5233167209" visible="true" version="1" changeset="53849773" timestamp="2017-11-16T17:41:40Z" user="Алекс Мок" uid="4814295" lat="12.5791618" lon="109.2300224"/>
 <node id="5233167210" visible="true" version="1" changeset="53849773" timestamp="2017-11-16T17:41:40Z" user="Алекс Мок" uid="4814295" lat="12.5789105" lon="109.2299151"/>
 <node id="5233167211" visible="true" version="1" changeset="53849773" timestamp="2017-11-16T17:41:40Z" user="Алекс Мок" uid="4814295" lat="12.5783660" lon="109.2293572"/>
 <node id="5233167217" visible="true" version="1" changeset="53849773" timestamp="2017-11-16T17:41:40Z" user="Алекс Мок" uid="4814295" lat="12.5737140" lon="109.2229025"/>
 <node id="5233167340" visible="true" version="1" changeset="53849773" timestamp="2017-11-16T17:41:42Z" user="Алекс Мок" uid="4814295" lat="12.5407343" lon="109.2167418"/>
 <node id="5233167477" visible="true" version="1" changeset="53849773" timestamp="2017-11-16T17:41:45Z" user="Алекс Мок" uid="4814295" lat="12.5546827" lon="109.2102552"/>
 <node id="5233167478" visible="true" version="3" changeset="82706772" timestamp="2020-03-27T09:46:43Z" user="Elisabeth IRM-RV" uid="8072054" lat="12.5536041" lon="109.2169581"/>
 <node id="5233167481" visible="true" version="2" changeset="73170276" timestamp="2019-08-08T20:20:30Z" user="Denis Venidiktov" uid="5502474" lat="12.5554441" lon="109.2172458"/>
 <node id="5233167497" visible="true" version="2" changeset="73170276" timestamp="2019-08-08T20:20:30Z" user="Denis Venidiktov" uid="5502474" lat="12.5453617" lon="109.2164474"/>
 <node id="5233167524" visible="true" version="1" changeset="53849773" timestamp="2017-11-16T17:41:45Z" user="Алекс Мок" uid="4814295" lat="12.5387735" lon="109.2167973"/>
 <node id="5233167561" visible="true" version="2" changeset="80623045" timestamp="2020-02-06T06:35:46Z" user="Rizky IRM-ED" uid="9421521" lat="12.5415825" lon="109.2166925"/>
 <node id="5233167566" visible="true" version="1" changeset="53849773" timestamp="2017-11-16T17:41:46Z" user="Алекс Мок" uid="4814295" lat="12.5403573" lon="109.2167645"/>
 <node id="5233167579" visible="true" version="1" changeset="53849773" timestamp="2017-11-16T17:41:46Z" user="Алекс Мок" uid="4814295" lat="12.5435361" lon="109.2165699"/>
 <node id="6401828185" visible="true" version="1" changeset="69170292" timestamp="2019-04-13T07:53:46Z" user="Fulsed" uid="395575" lat="12.5693263" lon="109.2341140">
  <tag k="name:en" v="Paradise Resort Doc Let"/>
  <tag k="opening_hours" v="24/7"/>
  <tag k="tourism" v="hotel"/>
  <tag k="website" v="http://paradiseresort.vn"/>
 </node>
 <node id="6695768045" visible="true" version="3" changeset="181369678" timestamp="2026-04-15T14:12:31Z" user="Heo Tham An" uid="23305067" lat="12.5701010" lon="109.2223597"/>
 <node id="6695768046" visible="true" version="1" changeset="73170276" timestamp="2019-08-08T20:20:30Z" user="Denis Venidiktov" uid="5502474" lat="12.5700045" lon="109.2226155"/>
 <node id="6695768047" visible="true" version="1" changeset="73170276" timestamp="2019-08-08T20:20:30Z" user="Denis Venidiktov" uid="5502474" lat="12.5699560" lon="109.2224586"/>
 <node id="6695768048" visible="true" version="1" changeset="73170276" timestamp="2019-08-08T20:20:30Z" user="Denis Venidiktov" uid="5502474" lat="12.5702388" lon="109.2223848"/>
 <node id="6695768049" visible="true" version="1" changeset="73170276" timestamp="2019-08-08T20:20:30Z" user="Denis Venidiktov" uid="5502474" lat="12.5701681" lon="109.2223231"/>
 <node id="6695768050" visible="true" version="1" changeset="73170276" timestamp="2019-08-08T20:20:30Z" user="Denis Venidiktov" uid="5502474" lat="12.5702532" lon="109.2222306"/>
 <node id="6695768051" visible="true" version="1" changeset="73170276" timestamp="2019-08-08T20:20:30Z" user="Denis Venidiktov" uid="5502474" lat="12.5699011" lon="109.2218511"/>
 <node id="6695768052" visible="true" version="1" changeset="73170276" timestamp="2019-08-08T20:20:30Z" user="Denis Venidiktov" uid="5502474" lat="12.5697571" lon="109.2220402"/>
 <node id="6695768053" visible="true" version="1" changeset="73170276" timestamp="2019-08-08T20:20:30Z" user="Denis Venidiktov" uid="5502474" lat="12.5701655" lon="109.2224452"/>
 <node id="6695768054" visible="true" version="1" changeset="73170276" timestamp="2019-08-08T20:20:30Z" user="Denis Venidiktov" uid="5502474" lat="12.5700653" lon="109.2225645"/>
 <node id="6695768055" visible="true" version="1" changeset="73170276" timestamp="2019-08-08T20:20:30Z" user="Denis Venidiktov" uid="5502474" lat="12.5699927" lon="109.2219369"/>
 <node id="6695768056" visible="true" version="1" changeset="73170276" timestamp="2019-08-08T20:20:30Z" user="Denis Venidiktov" uid="5502474" lat="12.5697964" lon="109.2222199"/>
 <node id="6695768057" visible="true" version="1" changeset="73170276" timestamp="2019-08-08T20:20:30Z" user="Denis Venidiktov" uid="5502474" lat="12.5696995" lon="109.2221032"/>
 <node id="6695768059" visible="true" version="2" changeset="181369678" timestamp="2026-04-15T14:12:31Z" user="Heo Tham An" uid="23305067" lat="12.5700491" lon="109.2220614"/>
 <node id="6695768062" visible="true" version="3" changeset="181369678" timestamp="2026-04-15T14:12:31Z" user="Heo Tham An" uid="23305067" lat="12.5698975" lon="109.2220894"/>
 <node id="6695768066" visible="true" version="2" changeset="181369678" timestamp="2026-04-15T14:12:31Z" user="Heo Tham An" uid="23305067" lat="12.5698414" lon="109.2222727"/>
 <node id="6695768067" visible="true" version="2" changeset="181369678" timestamp="2026-04-15T14:12:31Z" user="Heo Tham An" uid="23305067" lat="12.5699147" lon="109.2223684"/>
 <node id="6695768073" visible="true" version="2" changeset="181369678" timestamp="2026-04-15T14:12:31Z" user="Heo Tham An" uid="23305067" lat="12.5701591" lon="109.2221793"/>
 <node id="6695768075" visible="true" version="1" changeset="73170276" timestamp="2019-08-08T20:20:30Z" user="Denis Venidiktov" uid="5502474" lat="12.5696066" lon="109.2220063"/>
 <node id="6695768076" visible="true" version="1" changeset="73170276" timestamp="2019-08-08T20:20:30Z" user="Denis Venidiktov" uid="5502474" lat="12.5703946" lon="109.2223127"/>
 <node id="6695768077" visible="true" version="1" changeset="73170276" timestamp="2019-08-08T20:20:30Z" user="Denis Venidiktov" uid="5502474" lat="12.5700280" lon="109.2227667"/>
 <node id="6695768078" visible="true" version="1" changeset="73170276" timestamp="2019-08-08T20:20:30Z" user="Denis Venidiktov" uid="5502474" lat="12.5763975" lon="109.2237715"/>
 <node id="6695768079" visible="true" version="1" changeset="73170276" timestamp="2019-08-08T20:20:30Z" user="Denis Venidiktov" uid="5502474" lat="12.5764026" lon="109.2245427"/>
 <node id="6695768080" visible="true" version="2" changeset="82279618" timestamp="2020-03-17T02:28:30Z" user="Arma IRM-ED" uid="8072037" lat="12.5764190" lon="109.2247422"/>
 <node id="6695768081" visible="true" version="1" changeset="73170276" timestamp="2019-08-08T20:20:30Z" user="Denis Venidiktov" uid="5502474" lat="12.5758424" lon="109.2245132"/>
 <node id="6695768082" visible="true" version="1" changeset="73170276" timestamp="2019-08-08T20:20:30Z" user="Denis Venidiktov" uid="5502474" lat="12.5749706" lon="109.2240304"/>
 <node id="6695768083" visible="true" version="1" changeset="73170276" timestamp="2019-08-08T20:20:30Z" user="Denis Venidiktov" uid="5502474" lat="12.5746827" lon="109.2238185"/>
 <node id="7040234759" visible="true" version="1" changeset="78084670" timestamp="2019-12-07T11:43:42Z" user="RSergei" uid="432509" lat="12.5719679" lon="109.2353761"/>
 <node id="7040234760" visible="true" version="1" changeset="78084670" timestamp="2019-12-07T11:43:42Z" user="RSergei" uid="432509" lat="12.5721276" lon="109.2354619"/>
 <node id="7040234761" visible="true" version="1" changeset="78084670" timestamp="2019-12-07T11:43:42Z" user="RSergei" uid="432509" lat="12.5721171" lon="109.2355370"/>
 <node id="7040234762" visible="true" version="1" changeset="78084670" timestamp="2019-12-07T11:43:42Z" user="RSergei" uid="432509" lat="12.5721957" lon="109.2356095"/>
 <node id="7040234763" visible="true" version="1" changeset="78084670" timestamp="2019-12-07T11:43:42Z" user="RSergei" uid="432509" lat="12.5724287" lon="109.2356738"/>
 <node id="7040234764" visible="true" version="1" changeset="78084670" timestamp="2019-12-07T11:43:42Z" user="RSergei" uid="432509" lat="12.5726276" lon="109.2357892"/>
 <node id="7040234765" visible="true" version="1" changeset="78084670" timestamp="2019-12-07T11:43:42Z" user="RSergei" uid="432509" lat="12.5727899" lon="109.2357972"/>
 <node id="7040234766" visible="true" version="1" changeset="78084670" timestamp="2019-12-07T11:43:42Z" user="RSergei" uid="432509" lat="12.5728658" lon="109.2358428"/>
 <node id="7040234767" visible="true" version="1" changeset="78084670" timestamp="2019-12-07T11:43:42Z" user="RSergei" uid="432509" lat="12.5729182" lon="109.2359474"/>
 <node id="7040234768" visible="true" version="1" changeset="78084670" timestamp="2019-12-07T11:43:42Z" user="RSergei" uid="432509" lat="12.5735544" lon="109.2362693"/>
 <node id="7040234769" visible="true" version="1" changeset="78084670" timestamp="2019-12-07T11:43:42Z" user="RSergei" uid="432509" lat="12.5739758" lon="109.2366341"/>
 <node id="7040234770" visible="true" version="1" changeset="78084670" timestamp="2019-12-07T11:43:42Z" user="RSergei" uid="432509" lat="12.5743999" lon="109.2372081"/>
 <node id="7040271199" visible="true" version="1" changeset="78084670" timestamp="2019-12-07T11:43:41Z" user="RSergei" uid="432509" lat="12.5435805" lon="109.2297998"/>
 <node id="7040271200" visible="true" version="1" changeset="78084670" timestamp="2019-12-07T11:43:41Z" user="RSergei" uid="432509" lat="12.5531445" lon="109.2305857"/>
 <node id="7040271201" visible="true" version="1" changeset="78084670" timestamp="2019-12-07T11:43:41Z" user="RSergei" uid="432509" lat="12.5552756" lon="109.2308539"/>
 <node id="7040271202" visible="true" version="1" changeset="78084670" timestamp="2019-12-07T11:43:41Z" user="RSergei" uid="432509" lat="12.5554903" lon="109.2308325"/>
 <node id="7040271203" visible="true" version="1" changeset="78084670" timestamp="2019-12-07T11:43:41Z" user="RSergei" uid="432509" lat="12.5555270" lon="109.2309505"/>
 <node id="7040271204" visible="true" version="1" changeset="78084670" timestamp="2019-12-07T11:43:41Z" user="RSergei" uid="432509" lat="12.5589147" lon="109.2313957"/>
 <node id="7040271205" visible="true" version="1" changeset="78084670" timestamp="2019-12-07T11:43:41Z" user="RSergei" uid="432509" lat="12.5600981" lon="109.2315191"/>
 <node id="7040271206" visible="true" version="1" changeset="78084670" timestamp="2019-12-07T11:43:41Z" user="RSergei" uid="432509" lat="12.5611872" lon="109.2317498"/>
 <node id="7040271207" visible="true" version="1" changeset="78084670" timestamp="2019-12-07T11:43:41Z" user="RSergei" uid="432509" lat="12.5622763" lon="109.2319536"/>
 <node id="7040271208" visible="true" version="1" changeset="78084670" timestamp="2019-12-07T11:43:41Z" user="RSergei" uid="432509" lat="12.5634473" lon="109.2322672"/>
 <node id="7040271213" visible="true" version="1" changeset="78084670" timestamp="2019-12-07T11:43:41Z" user="RSergei" uid="432509" lat="12.5709103" lon="109.2354217"/>
 <node id="7040271214" visible="true" version="1" changeset="78084670" timestamp="2019-12-07T11:43:41Z" user="RSergei" uid="432509" lat="12.5651273" lon="109.2328039"/>
 <node id="7040271215" visible="true" version="1" changeset="78084670" timestamp="2019-12-07T11:43:41Z" user="RSergei" uid="432509" lat="12.5661134" lon="109.2332090"/>
 <node id="7040271216" visible="true" version="1" changeset="78084670" timestamp="2019-12-07T11:43:41Z" user="RSergei" uid="432509" lat="12.5678080" lon="109.2338178"/>
 <node id="7040271217" visible="true" version="1" changeset="78084670" timestamp="2019-12-07T11:43:41Z" user="RSergei" uid="432509" lat="12.5683264" lon="109.2340136"/>
 <node id="7040271218" visible="true" version="1" changeset="78084670" timestamp="2019-12-07T11:43:41Z" user="RSergei" uid="432509" lat="12.5695071" lon="109.2345580"/>
 <node id="7040271219" visible="true" version="1" changeset="78084670" timestamp="2019-12-07T11:43:41Z" user="RSergei" uid="432509" lat="12.5695385" lon="109.2344990"/>
 <node id="7040271220" visible="true" version="1" changeset="78084670" timestamp="2019-12-07T11:43:41Z" user="RSergei" uid="432509" lat="12.5706459" lon="109.2350060"/>
 <node id="7040271221" visible="true" version="1" changeset="78084670" timestamp="2019-12-07T11:43:41Z" user="RSergei" uid="432509" lat="12.5711040" lon="109.2351401"/>
 <node id="7040271222" visible="true" version="1" changeset="78084670" timestamp="2019-12-07T11:43:41Z" user="RSergei" uid="432509" lat="12.5712532" lon="109.2352313"/>
 <node id="7040271223" visible="true" version="1" changeset="78084670" timestamp="2019-12-07T11:43:41Z" user="RSergei" uid="432509" lat="12.5716459" lon="109.2353654"/>
 <node id="7056483586" visible="true" version="1" changeset="78407182" timestamp="2019-12-14T13:03:25Z" user="Ana52Ten" uid="10556855" lat="12.5737485" lon="109.2292163">
  <tag k="name:ru" v="Соляная плантация Хон Хой"/>
  <tag k="tourism" v="attraction"/>
 </node>
 <node id="7189865590" visible="true" version="1" changeset="80623045" timestamp="2020-02-06T06:35:46Z" user="Rizky IRM-ED" uid="9421521" lat="12.5522859" lon="109.2167183"/>
 <node id="7189865591" visible="true" version="1" changeset="80623045" timestamp="2020-02-06T06:35:46Z" user="Rizky IRM-ED" uid="9421521" lat="12.5514414" lon="109.2166140"/>
 <node id="7189865596" visible="true" version="1" changeset="80623045" timestamp="2020-02-06T06:35:46Z" user="Rizky IRM-ED" uid="9421521" lat="12.5502591" lon="109.2165446"/>
 <node id="7189865602" visible="true" version="1" changeset="80623045" timestamp="2020-02-06T06:35:46Z" user="Rizky IRM-ED" uid="9421521" lat="12.5490293" lon="109.2164943"/>
 <node id="7189865607" visible="true" version="1" changeset="80623045" timestamp="2020-02-06T06:35:46Z" user="Rizky IRM-ED" uid="9421521" lat="12.5481756" lon="109.2164541"/>
 <node id="7189865618" visible="true" version="1" changeset="80623045" timestamp="2020-02-06T06:35:46Z" user="Rizky IRM-ED" uid="9421521" lat="12.5470979" lon="109.2163809"/>
 <node id="7189865623" visible="true" version="1" changeset="80623045" timestamp="2020-02-06T06:35:46Z" user="Rizky IRM-ED" uid="9421521" lat="12.5461906" lon="109.2163934"/>
 <node id="7189865632" visible="true" version="1" changeset="80623045" timestamp="2020-02-06T06:35:46Z" user="Rizky IRM-ED" uid="9421521" lat="12.5467590" lon="109.2163719"/>
 <node id="7189865671" visible="true" version="1" changeset="80623045" timestamp="2020-02-06T06:35:46Z" user="Rizky IRM-ED" uid="9421521" lat="12.5395458" lon="109.2168046"/>
 <node id="7189865757" visible="true" version="1" changeset="80623045" timestamp="2020-02-06T06:35:46Z" user="Rizky IRM-ED" uid="9421521" lat="12.5418915" lon="109.2166735"/>
 <node id="7189865760" visible="true" version="1" changeset="80623045" timestamp="2020-02-06T06:35:46Z" user="Rizky IRM-ED" uid="9421521" lat="12.5459025" lon="109.2164121"/>
 <node id="7189865762" visible="true" version="2" changeset="82706772" timestamp="2020-03-27T09:46:43Z" user="Elisabeth IRM-RV" uid="8072054" lat="12.5443497" lon="109.2165141"/>
 <node id="7300898851" visible="true" version="1" changeset="82279618" timestamp="2020-03-17T02:28:30Z" user="Arma IRM-ED" uid="8072037" lat="12.5686424" lon="109.2212812"/>
 <node id="7300898852" visible="true" version="3" changeset="87925697" timestamp="2020-07-13T13:01:51Z" user="Ficky IRM-RV" uid="9421523" lat="12.5689781" lon="109.2211298"/>
 <node id="7300898853" visible="true" version="2" changeset="82954041" timestamp="2020-04-02T04:36:16Z" user="Elyana IRM-ED" uid="10910633" lat="12.5697593" lon="109.2205800"/>
 <node id="7300898874" visible="true" version="1" changeset="82279618" timestamp="2020-03-17T02:28:30Z" user="Arma IRM-ED" uid="8072037" lat="12.5694708" lon="109.2196317"/>
 <node id="7300898878" visible="true" version="1" changeset="82279618" timestamp="2020-03-17T02:28:30Z" user="Arma IRM-ED" uid="8072037" lat="12.5683073" lon="109.2210396"/>
 <node id="7300899205" visible="true" version="1" changeset="82279618" timestamp="2020-03-17T02:28:30Z" user="Arma IRM-ED" uid="8072037" lat="12.5760404" lon="109.2237258"/>
 <node id="7300899207" visible="true" version="1" changeset="82279618" timestamp="2020-03-17T02:28:30Z" user="Arma IRM-ED" uid="8072037" lat="12.5758624" lon="109.2229432"/>
 <node id="7300899208" visible="true" version="2" changeset="87925697" timestamp="2020-07-13T13:01:51Z" user="Ficky IRM-RV" uid="9421523" lat="12.5752969" lon="109.2224495"/>
 <node id="7300899211" visible="true" version="2" changeset="87925697" timestamp="2020-07-13T13:01:51Z" user="Ficky IRM-RV" uid="9421523" lat="12.5762085" lon="109.2223255"/>
 <node id="7300899212" visible="true" version="1" changeset="82279618" timestamp="2020-03-17T02:28:30Z" user="Arma IRM-ED" uid="8072037" lat="12.5763650" lon="109.2228544"/>
 <node id="7300899213" visible="true" version="2" changeset="87925697" timestamp="2020-07-13T13:01:51Z" user="Ficky IRM-RV" uid="9421523" lat="12.5747510" lon="109.2224969"/>
 <node id="7300899215" visible="true" version="1" changeset="82279618" timestamp="2020-03-17T02:28:30Z" user="Arma IRM-ED" uid="8072037" lat="12.5752969" lon="109.2235902"/>
 <node id="7300899217" visible="true" version="2" changeset="82954041" timestamp="2020-04-02T04:36:16Z" user="Elyana IRM-ED" uid="10910633" lat="12.5753388" lon="109.2230357"/>
 <node id="7300899222" visible="true" version="1" changeset="82279618" timestamp="2020-03-17T02:28:30Z" user="Arma IRM-ED" uid="8072037" lat="12.5744854" lon="109.2237357"/>
 <node id="7300899223" visible="true" version="1" changeset="82279618" timestamp="2020-03-17T02:28:30Z" user="Arma IRM-ED" uid="8072037" lat="12.5741817" lon="109.2230007"/>
 <node id="7300899225" visible="true" version="1" changeset="82279618" timestamp="2020-03-17T02:28:30Z" user="Arma IRM-ED" uid="8072037" lat="12.5740448" lon="109.2338656"/>
 <node id="7300899227" visible="true" version="1" changeset="82279618" timestamp="2020-03-17T02:28:30Z" user="Arma IRM-ED" uid="8072037" lat="12.5742089" lon="109.2341584"/>
 <node id="7300899228" visible="true" version="2" changeset="87925697" timestamp="2020-07-13T13:01:51Z" user="Ficky IRM-RV" uid="9421523" lat="12.5734601" lon="109.2339759"/>
 <node id="7300899229" visible="true" version="2" changeset="87925697" timestamp="2020-07-13T13:01:51Z" user="Ficky IRM-RV" uid="9421523" lat="12.5733893" lon="109.2339786"/>
 <node id="7300899230" visible="true" version="1" changeset="82279618" timestamp="2020-03-17T02:28:30Z" user="Arma IRM-ED" uid="8072037" lat="12.5730677" lon="109.2339062"/>
 <node id="7300899231" visible="true" version="1" changeset="82279618" timestamp="2020-03-17T02:28:30Z" user="Arma IRM-ED" uid="8072037" lat="12.5727478" lon="109.2344713"/>
 <node id="7300899232" visible="true" version="2" changeset="87925697" timestamp="2020-07-13T13:01:51Z" user="Ficky IRM-RV" uid="9421523" lat="12.5725357" lon="109.2347855"/>
 <node id="7300899233" visible="true" version="2" changeset="87925697" timestamp="2020-07-13T13:01:51Z" user="Ficky IRM-RV" uid="9421523" lat="12.5725350" lon="109.2348153"/>
 <node id="7300899234" visible="true" version="2" changeset="87925697" timestamp="2020-07-13T13:01:51Z" user="Ficky IRM-RV" uid="9421523" lat="12.5725600" lon="109.2349216"/>
 <node id="7300899235" visible="true" version="2" changeset="87925697" timestamp="2020-07-13T13:01:51Z" user="Ficky IRM-RV" uid="9421523" lat="12.5705835" lon="109.2347002"/>
 <node id="7300899236" visible="true" version="2" changeset="87925697" timestamp="2020-07-13T13:01:51Z" user="Ficky IRM-RV" uid="9421523" lat="12.5709752" lon="109.2348904"/>
 <node id="7300899237" visible="true" version="2" changeset="87925697" timestamp="2020-07-13T13:01:51Z" user="Ficky IRM-RV" uid="9421523" lat="12.5712438" lon="109.2349585"/>
 <node id="7300899238" visible="true" version="1" changeset="82279618" timestamp="2020-03-17T02:28:30Z" user="Arma IRM-ED" uid="8072037" lat="12.5716130" lon="109.2351510"/>
 <node id="7300899240" visible="true" version="2" changeset="106572134" timestamp="2021-06-18T07:35:43Z" user="mani_sh5" uid="11659188" lat="12.5715957" lon="109.2334579"/>
 <node id="7300899241" visible="true" version="2" changeset="87925697" timestamp="2020-07-13T13:01:51Z" user="Ficky IRM-RV" uid="9421523" lat="12.5712681" lon="109.2338512"/>
 <node id="7300899242" visible="true" version="2" changeset="87925697" timestamp="2020-07-13T13:01:51Z" user="Ficky IRM-RV" uid="9421523" lat="12.5706810" lon="109.2334589"/>
 <node id="7300899244" visible="true" version="2" changeset="87925697" timestamp="2020-07-13T13:01:51Z" user="Ficky IRM-RV" uid="9421523" lat="12.5693571" lon="109.2327874"/>
 <node id="7300899245" visible="true" version="1" changeset="82279618" timestamp="2020-03-17T02:28:30Z" user="Arma IRM-ED" uid="8072037" lat="12.5690850" lon="109.2329400"/>
 <node id="7300899246" visible="true" version="2" changeset="87925697" timestamp="2020-07-13T13:01:51Z" user="Ficky IRM-RV" uid="9421523" lat="12.5689014" lon="109.2333413"/>
 <node id="7300899247" visible="true" version="2" changeset="106572134" timestamp="2021-06-18T07:35:43Z" user="mani_sh5" uid="11659188" lat="12.5706896" lon="109.2327001"/>
 <node id="7300899249" visible="true" version="1" changeset="82279618" timestamp="2020-03-17T02:28:30Z" user="Arma IRM-ED" uid="8072037" lat="12.5701503" lon="109.2337970"/>
 <node id="7300899250" visible="true" version="1" changeset="82279618" timestamp="2020-03-17T02:28:30Z" user="Arma IRM-ED" uid="8072037" lat="12.5703521" lon="109.2333036"/>
 <node id="7300899251" visible="true" version="1" changeset="82279618" timestamp="2020-03-17T02:28:30Z" user="Arma IRM-ED" uid="8072037" lat="12.5704114" lon="109.2333328"/>
 <node id="7300899255" visible="true" version="1" changeset="82279618" timestamp="2020-03-17T02:28:30Z" user="Arma IRM-ED" uid="8072037" lat="12.5666942" lon="109.2314928"/>
 <node id="7300899257" visible="true" version="2" changeset="106572134" timestamp="2021-06-18T07:35:43Z" user="mani_sh5" uid="11659188" lat="12.5658678" lon="109.2305404"/>
 <node id="7300899276" visible="true" version="1" changeset="82279618" timestamp="2020-03-17T02:28:30Z" user="Arma IRM-ED" uid="8072037" lat="12.5557831" lon="109.2173112"/>
 <node id="7300899308" visible="true" version="1" changeset="82279618" timestamp="2020-03-17T02:28:30Z" user="Arma IRM-ED" uid="8072037" lat="12.5660980" lon="109.2199800"/>
 <node id="7304841672" visible="true" version="1" changeset="82326644" timestamp="2020-03-18T03:50:21Z" user="Arma IRM-ED" uid="8072037" lat="12.5799374" lon="109.2378294"/>
 <node id="7324795809" visible="true" version="1" changeset="82557486" timestamp="2020-03-24T07:47:50Z" user="Anisa IRM-ED" uid="8072049" lat="12.5668054" lon="109.2122046"/>
 <node id="7324831967" visible="true" version="3" changeset="152013921" timestamp="2024-05-30T03:54:16Z" user="RedGreenBlue09" uid="21224147" lat="12.5871872" lon="109.2282809"/>
 <node id="7324831968" visible="true" version="3" changeset="152013921" timestamp="2024-05-30T03:54:16Z" user="RedGreenBlue09" uid="21224147" lat="12.5873103" lon="109.2284802"/>
 <node id="7324831969" visible="true" version="2" changeset="152013921" timestamp="2024-05-30T03:54:16Z" user="RedGreenBlue09" uid="21224147" lat="12.5882711" lon="109.2290166"/>
 <node id="7324831992" visible="true" version="2" changeset="82797094" timestamp="2020-03-30T01:56:07Z" user="Fanny IRM-ED" uid="9421516" lat="12.5867972" lon="109.2269613"/>
 <node id="7324831993" visible="true" version="3" changeset="152013921" timestamp="2024-05-30T03:54:16Z" user="RedGreenBlue09" uid="21224147" lat="12.5868045" lon="109.2267528"/>
 <node id="7324831995" visible="true" version="3" changeset="152013921" timestamp="2024-05-30T03:54:16Z" user="RedGreenBlue09" uid="21224147" lat="12.5867841" lon="109.2262559"/>
 <node id="7324831996" visible="true" version="2" changeset="152013921" timestamp="2024-05-30T03:54:16Z" user="RedGreenBlue09" uid="21224147" lat="12.5867279" lon="109.2260420"/>
 <node id="7324831999" visible="true" version="2" changeset="82797094" timestamp="2020-03-30T01:56:07Z" user="Fanny IRM-ED" uid="9421516" lat="12.5864608" lon="109.2246620"/>
 <node id="7324832003" visible="true" version="3" changeset="152013921" timestamp="2024-05-30T03:54:16Z" user="RedGreenBlue09" uid="21224147" lat="12.5846139" lon="109.2234081"/>
 <node id="7324832007" visible="true" version="2" changeset="152013921" timestamp="2024-05-30T03:54:16Z" user="RedGreenBlue09" uid="21224147" lat="12.5822435" lon="109.2218350"/>
 <node id="7324832010" visible="true" version="3" changeset="152013921" timestamp="2024-05-30T03:54:16Z" user="RedGreenBlue09" uid="21224147" lat="12.5811034" lon="109.2214165"/>
 <node id="7324832011" visible="true" version="1" changeset="82558159" timestamp="2020-03-24T08:02:33Z" user="Anisa IRM-ED" uid="8072049" lat="12.5806165" lon="109.2212194"/>
 <node id="7324832014" visible="true" version="3" changeset="152013921" timestamp="2024-05-30T03:54:16Z" user="RedGreenBlue09" uid="21224147" lat="12.5798214" lon="109.2209139"/>
 <node id="7324832015" visible="true" version="3" changeset="152013921" timestamp="2024-05-30T03:54:16Z" user="RedGreenBlue09" uid="21224147" lat="12.5794952" lon="109.2209234"/>
 <node id="7324832016" visible="true" version="3" changeset="152013921" timestamp="2024-05-30T03:54:16Z" user="RedGreenBlue09" uid="21224147" lat="12.5792787" lon="109.2210120"/>
 <node id="7324832017" visible="true" version="3" changeset="152013921" timestamp="2024-05-30T03:54:16Z" user="RedGreenBlue09" uid="21224147" lat="12.5789408" lon="109.2211916"/>
 <node id="7324832033" visible="true" version="1" changeset="82558159" timestamp="2020-03-24T08:02:33Z" user="Anisa IRM-ED" uid="8072049" lat="12.5785643" lon="109.2365411"/>
 <node id="7334465088" visible="true" version="1" changeset="82706772" timestamp="2020-03-27T09:46:43Z" user="Elisabeth IRM-RV" uid="8072054" lat="12.5496712" lon="109.2165338"/>
 <node id="7344952064" visible="true" version="2" changeset="152013921" timestamp="2024-05-30T03:54:16Z" user="RedGreenBlue09" uid="21224147" lat="12.5872389" lon="109.2283842"/>
 <node id="7344952072" visible="true" version="2" changeset="152013921" timestamp="2024-05-30T03:54:16Z" user="RedGreenBlue09" uid="21224147" lat="12.5884261" lon="109.2290233"/>
 <node id="7344952073" visible="true" version="2" changeset="152013921" timestamp="2024-05-30T03:54:16Z" user="RedGreenBlue09" uid="21224147" lat="12.5881604" lon="109.2289837"/>
 <node id="7344952074" visible="true" version="2" changeset="152013921" timestamp="2024-05-30T03:54:16Z" user="RedGreenBlue09" uid="21224147" lat="12.5880649" lon="109.2289395"/>
 <node id="7344952075" visible="true" version="2" changeset="152013921" timestamp="2024-05-30T03:54:16Z" user="RedGreenBlue09" uid="21224147" lat="12.5876656" lon="109.2287122"/>
 <node id="7344952076" visible="true" version="2" changeset="152013921" timestamp="2024-05-30T03:54:16Z" user="RedGreenBlue09" uid="21224147" lat="12.5873881" lon="109.2285445"/>
 <node id="7344952082" visible="true" version="2" changeset="152013921" timestamp="2024-05-30T03:54:16Z" user="RedGreenBlue09" uid="21224147" lat="12.5890164" lon="109.2291071"/>
 <node id="7344952117" visible="true" version="2" changeset="152013921" timestamp="2024-05-30T03:54:16Z" user="RedGreenBlue09" uid="21224147" lat="12.5869886" lon="109.2278441"/>
 <node id="7344952118" visible="true" version="2" changeset="152013921" timestamp="2024-05-30T03:54:16Z" user="RedGreenBlue09" uid="21224147" lat="12.5869235" lon="109.2276728"/>
 <node id="7344952120" visible="true" version="2" changeset="152013921" timestamp="2024-05-30T03:54:16Z" user="RedGreenBlue09" uid="21224147" lat="12.5869026" lon="109.2275970"/>
 <node id="7344952123" visible="true" version="1" changeset="82797094" timestamp="2020-03-30T01:56:07Z" user="Fanny IRM-ED" uid="9421516" lat="12.5868345" lon="109.2272785"/>
 <node id="7344952124" visible="true" version="1" changeset="82797094" timestamp="2020-03-30T01:56:07Z" user="Fanny IRM-ED" uid="9421516" lat="12.5868103" lon="109.2271572"/>
 <node id="7344952125" visible="true" version="2" changeset="152013921" timestamp="2024-05-30T03:54:16Z" user="RedGreenBlue09" uid="21224147" lat="12.5868640" lon="109.2274012"/>
 <node id="7344952126" visible="true" version="1" changeset="82797094" timestamp="2020-03-30T01:56:07Z" user="Fanny IRM-ED" uid="9421516" lat="12.5867966" lon="109.2270076"/>
 <node id="7344952129" visible="true" version="2" changeset="152013921" timestamp="2024-05-30T03:54:16Z" user="RedGreenBlue09" uid="21224147" lat="12.5868005" lon="109.2268567"/>
 <node id="7344952130" visible="true" version="2" changeset="152013921" timestamp="2024-05-30T03:54:16Z" user="RedGreenBlue09" uid="21224147" lat="12.5868097" lon="109.2266509"/>
 <node id="7344952132" visible="true" version="2" changeset="152013921" timestamp="2024-05-30T03:54:16Z" user="RedGreenBlue09" uid="21224147" lat="12.5868175" lon="109.2264879"/>
 <node id="7344952133" visible="true" version="2" changeset="152013921" timestamp="2024-05-30T03:54:16Z" user="RedGreenBlue09" uid="21224147" lat="12.5868024" lon="109.2263532"/>
 <node id="7344952135" visible="true" version="2" changeset="152013921" timestamp="2024-05-30T03:54:16Z" user="RedGreenBlue09" uid="21224147" lat="12.5867632" lon="109.2261902"/>
 <node id="7344952138" visible="true" version="1" changeset="82797094" timestamp="2020-03-30T01:56:07Z" user="Fanny IRM-ED" uid="9421516" lat="12.5866775" lon="109.2258610"/>
 <node id="7344952140" visible="true" version="1" changeset="82797094" timestamp="2020-03-30T01:56:07Z" user="Fanny IRM-ED" uid="9421516" lat="12.5865701" lon="109.2253755"/>
 <node id="7344952141" visible="true" version="1" changeset="82797094" timestamp="2020-03-30T01:56:07Z" user="Fanny IRM-ED" uid="9421516" lat="12.5866277" lon="109.2256477"/>
 <node id="7344952143" visible="true" version="1" changeset="82797094" timestamp="2020-03-30T01:56:07Z" user="Fanny IRM-ED" uid="9421516" lat="12.5865675" lon="109.2249919"/>
 <node id="7344952144" visible="true" version="1" changeset="82797094" timestamp="2020-03-30T01:56:07Z" user="Fanny IRM-ED" uid="9421516" lat="12.5865400" lon="109.2248391"/>
 <node id="7344952146" visible="true" version="2" changeset="152013921" timestamp="2024-05-30T03:54:16Z" user="RedGreenBlue09" uid="21224147" lat="12.5865204" lon="109.2247707"/>
 <node id="7344952148" visible="true" version="2" changeset="152013921" timestamp="2024-05-30T03:54:16Z" user="RedGreenBlue09" uid="21224147" lat="12.5863725" lon="109.2245749"/>
 <node id="7344952150" visible="true" version="2" changeset="152013921" timestamp="2024-05-30T03:54:16Z" user="RedGreenBlue09" uid="21224147" lat="12.5862770" lon="109.2244930"/>
 <node id="7344952151" visible="true" version="2" changeset="152013921" timestamp="2024-05-30T03:54:16Z" user="RedGreenBlue09" uid="21224147" lat="12.5859340" lon="109.2242369"/>
 <node id="7344952152" visible="true" version="2" changeset="152013921" timestamp="2024-05-30T03:54:16Z" user="RedGreenBlue09" uid="21224147" lat="12.5858083" lon="109.2241591"/>
 <node id="7344952154" visible="true" version="2" changeset="152013921" timestamp="2024-05-30T03:54:16Z" user="RedGreenBlue09" uid="21224147" lat="12.5851107" lon="109.2237661"/>
 <node id="7344952157" visible="true" version="1" changeset="82797094" timestamp="2020-03-30T01:56:07Z" user="Fanny IRM-ED" uid="9421516" lat="12.5850073" lon="109.2237005"/>
 <node id="7344952158" visible="true" version="1" changeset="82797094" timestamp="2020-03-30T01:56:07Z" user="Fanny IRM-ED" uid="9421516" lat="12.5849314" lon="109.2236441"/>
 <node id="7344952160" visible="true" version="2" changeset="152013921" timestamp="2024-05-30T03:54:16Z" user="RedGreenBlue09" uid="21224147" lat="12.5844851" lon="109.2233008"/>
 <node id="7344952161" visible="true" version="2" changeset="152013921" timestamp="2024-05-30T03:54:16Z" user="RedGreenBlue09" uid="21224147" lat="12.5843647" lon="109.2231587"/>
 <node id="7344952162" visible="true" version="2" changeset="152013921" timestamp="2024-05-30T03:54:16Z" user="RedGreenBlue09" uid="21224147" lat="12.5842743" lon="109.2230339"/>
 <node id="7344952163" visible="true" version="2" changeset="152013921" timestamp="2024-05-30T03:54:16Z" user="RedGreenBlue09" uid="21224147" lat="12.5841618" lon="109.2229092"/>
 <node id="7344952164" visible="true" version="2" changeset="152013921" timestamp="2024-05-30T03:54:16Z" user="RedGreenBlue09" uid="21224147" lat="12.5839773" lon="109.2227858"/>
 <node id="7344952167" visible="true" version="2" changeset="152013921" timestamp="2024-05-30T03:54:16Z" user="RedGreenBlue09" uid="21224147" lat="12.5835610" lon="109.2225311"/>
 <node id="7344952168" visible="true" version="2" changeset="152013921" timestamp="2024-05-30T03:54:16Z" user="RedGreenBlue09" uid="21224147" lat="12.5831631" lon="109.2222990"/>
 <node id="7344952172" visible="true" version="2" changeset="152013921" timestamp="2024-05-30T03:54:16Z" user="RedGreenBlue09" uid="21224147" lat="12.5823948" lon="109.2218967"/>
 <node id="7344952173" visible="true" version="2" changeset="152013921" timestamp="2024-05-30T03:54:16Z" user="RedGreenBlue09" uid="21224147" lat="12.5825807" lon="109.2219825"/>
 <node id="7344952177" visible="true" version="2" changeset="152013921" timestamp="2024-05-30T03:54:16Z" user="RedGreenBlue09" uid="21224147" lat="12.5817560" lon="109.2216579"/>
 <node id="7344952183" visible="true" version="2" changeset="152013921" timestamp="2024-05-30T03:54:16Z" user="RedGreenBlue09" uid="21224147" lat="12.5809367" lon="109.2213482"/>
 <node id="7344952185" visible="true" version="2" changeset="152013921" timestamp="2024-05-30T03:54:16Z" user="RedGreenBlue09" uid="21224147" lat="12.5807011" lon="109.2212610"/>
 <node id="7344952186" visible="true" version="1" changeset="82797094" timestamp="2020-03-30T01:56:07Z" user="Fanny IRM-ED" uid="9421516" lat="12.5805191" lon="109.2211832"/>
 <node id="7344952187" visible="true" version="1" changeset="82797094" timestamp="2020-03-30T01:56:07Z" user="Fanny IRM-ED" uid="9421516" lat="12.5803896" lon="109.2211269"/>
 <node id="7344952188" visible="true" version="2" changeset="152013921" timestamp="2024-05-30T03:54:16Z" user="RedGreenBlue09" uid="21224147" lat="12.5800950" lon="109.2209995"/>
 <node id="7344952189" visible="true" version="2" changeset="152013921" timestamp="2024-05-30T03:54:16Z" user="RedGreenBlue09" uid="21224147" lat="12.5798921" lon="109.2209298"/>
 <node id="7344952191" visible="true" version="2" changeset="152013921" timestamp="2024-05-30T03:54:16Z" user="RedGreenBlue09" uid="21224147" lat="12.5791395" lon="109.2210692"/>
 <node id="7344952192" visible="true" version="2" changeset="152013921" timestamp="2024-05-30T03:54:16Z" user="RedGreenBlue09" uid="21224147" lat="12.5794236" lon="109.2209485"/>
 <node id="7344952193" visible="true" version="2" changeset="152013921" timestamp="2024-05-30T03:54:16Z" user="RedGreenBlue09" uid="21224147" lat="12.5795989" lon="109.2209096"/>
 <node id="7344952195" visible="true" version="2" changeset="152013921" timestamp="2024-05-30T03:54:16Z" user="RedGreenBlue09" uid="21224147" lat="12.5797063" lon="109.2209070"/>
 <node id="7344952206" visible="true" version="2" changeset="152013921" timestamp="2024-05-30T03:54:16Z" user="RedGreenBlue09" uid="21224147" lat="12.5788267" lon="109.2212704"/>
 <node id="7357671850" visible="true" version="2" changeset="87925697" timestamp="2020-07-13T13:01:51Z" user="Ficky IRM-RV" uid="9421523" lat="12.5689076" lon="109.2211718"/>
 <node id="7710736933" visible="true" version="1" changeset="87925697" timestamp="2020-07-13T13:01:48Z" user="Ficky IRM-RV" uid="9421523" lat="12.5734261" lon="109.2339800"/>
 <node id="7710736934" visible="true" version="1" changeset="87925697" timestamp="2020-07-13T13:01:48Z" user="Ficky IRM-RV" uid="9421523" lat="12.5738767" lon="109.2337319"/>
 <node id="7710736935" visible="true" version="1" changeset="87925697" timestamp="2020-07-13T13:01:48Z" user="Ficky IRM-RV" uid="9421523" lat="12.5740374" lon="109.2335777"/>
 <node id="7710736936" visible="true" version="1" changeset="87925697" timestamp="2020-07-13T13:01:48Z" user="Ficky IRM-RV" uid="9421523" lat="12.5741264" lon="109.2334664"/>
 <node id="7710736937" visible="true" version="1" changeset="87925697" timestamp="2020-07-13T13:01:48Z" user="Ficky IRM-RV" uid="9421523" lat="12.5742180" lon="109.2333242"/>
 <node id="7710736938" visible="true" version="1" changeset="87925697" timestamp="2020-07-13T13:01:48Z" user="Ficky IRM-RV" uid="9421523" lat="12.5743070" lon="109.2331199"/>
 <node id="7710736965" visible="true" version="1" changeset="87925697" timestamp="2020-07-13T13:01:48Z" user="Ficky IRM-RV" uid="9421523" lat="12.5707544" lon="109.2335000"/>
 <node id="7710736966" visible="true" version="1" changeset="87925697" timestamp="2020-07-13T13:01:48Z" user="Ficky IRM-RV" uid="9421523" lat="12.5709298" lon="109.2348714"/>
 <node id="7710736967" visible="true" version="1" changeset="87925697" timestamp="2020-07-13T13:01:48Z" user="Ficky IRM-RV" uid="9421523" lat="12.5710141" lon="109.2349013"/>
 <node id="7710736968" visible="true" version="1" changeset="87925697" timestamp="2020-07-13T13:01:48Z" user="Ficky IRM-RV" uid="9421523" lat="12.5711860" lon="109.2349386"/>
 <node id="7710736969" visible="true" version="1" changeset="87925697" timestamp="2020-07-13T13:01:48Z" user="Ficky IRM-RV" uid="9421523" lat="12.5713076" lon="109.2349886"/>
 <node id="7710740795" visible="true" version="1" changeset="87925697" timestamp="2020-07-13T13:01:48Z" user="Ficky IRM-RV" uid="9421523" lat="12.5688441" lon="109.2212020"/>
 <node id="7710740796" visible="true" version="1" changeset="87925697" timestamp="2020-07-13T13:01:48Z" user="Ficky IRM-RV" uid="9421523" lat="12.5734484" lon="109.2348492"/>
 <node id="7710740797" visible="true" version="1" changeset="87925697" timestamp="2020-07-13T13:01:48Z" user="Ficky IRM-RV" uid="9421523" lat="12.5734373" lon="109.2348001"/>
 <node id="7710740798" visible="true" version="1" changeset="87925697" timestamp="2020-07-13T13:01:48Z" user="Ficky IRM-RV" uid="9421523" lat="12.5734094" lon="109.2350961"/>
 <node id="7710740799" visible="true" version="1" changeset="87925697" timestamp="2020-07-13T13:01:48Z" user="Ficky IRM-RV" uid="9421523" lat="12.5733937" lon="109.2350438"/>
 <node id="7710740800" visible="true" version="1" changeset="87925697" timestamp="2020-07-13T13:01:48Z" user="Ficky IRM-RV" uid="9421523" lat="12.5736070" lon="109.2353131"/>
 <node id="7710740801" visible="true" version="1" changeset="87925697" timestamp="2020-07-13T13:01:48Z" user="Ficky IRM-RV" uid="9421523" lat="12.5735852" lon="109.2352655"/>
 <node id="7710740802" visible="true" version="1" changeset="87925697" timestamp="2020-07-13T13:01:48Z" user="Ficky IRM-RV" uid="9421523" lat="12.5736293" lon="109.2354474"/>
 <node id="7710740803" visible="true" version="1" changeset="87925697" timestamp="2020-07-13T13:01:48Z" user="Ficky IRM-RV" uid="9421523" lat="12.5736115" lon="109.2353961"/>
 <node id="7710740804" visible="true" version="1" changeset="87925697" timestamp="2020-07-13T13:01:48Z" user="Ficky IRM-RV" uid="9421523" lat="12.5737215" lon="109.2355927"/>
 <node id="7710740805" visible="true" version="1" changeset="87925697" timestamp="2020-07-13T13:01:48Z" user="Ficky IRM-RV" uid="9421523" lat="12.5737181" lon="109.2355597"/>
 <node id="7710740806" visible="true" version="1" changeset="87925697" timestamp="2020-07-13T13:01:48Z" user="Ficky IRM-RV" uid="9421523" lat="12.5735615" lon="109.2358063"/>
 <node id="7710740808" visible="true" version="1" changeset="87925697" timestamp="2020-07-13T13:01:48Z" user="Ficky IRM-RV" uid="9421523" lat="12.5734720" lon="109.2358092"/>
 <node id="7710740809" visible="true" version="1" changeset="87925697" timestamp="2020-07-13T13:01:48Z" user="Ficky IRM-RV" uid="9421523" lat="12.5733980" lon="109.2357847"/>
 <node id="7710740810" visible="true" version="1" changeset="87925697" timestamp="2020-07-13T13:01:48Z" user="Ficky IRM-RV" uid="9421523" lat="12.5733905" lon="109.2357899"/>
 <node id="7710740811" visible="true" version="1" changeset="87925697" timestamp="2020-07-13T13:01:48Z" user="Ficky IRM-RV" uid="9421523" lat="12.5734152" lon="109.2357849"/>
 <node id="7710740812" visible="true" version="2" changeset="130019713" timestamp="2022-12-13T04:26:43Z" user="rekeda_" uid="13298535" lat="12.5731727" lon="109.2361202"/>
 <node id="7710740814" visible="true" version="1" changeset="87925697" timestamp="2020-07-13T13:01:48Z" user="Ficky IRM-RV" uid="9421523" lat="12.5734552" lon="109.2358071"/>
 <node id="7710740815" visible="true" version="1" changeset="87925697" timestamp="2020-07-13T13:01:48Z" user="Ficky IRM-RV" uid="9421523" lat="12.5735377" lon="109.2358106"/>
 <node id="7710740816" visible="true" version="1" changeset="87925697" timestamp="2020-07-13T13:01:48Z" user="Ficky IRM-RV" uid="9421523" lat="12.5735845" lon="109.2357932"/>
 <node id="7710740817" visible="true" version="1" changeset="87925697" timestamp="2020-07-13T13:01:48Z" user="Ficky IRM-RV" uid="9421523" lat="12.5737229" lon="109.2355749"/>
 <node id="7710740818" visible="true" version="1" changeset="87925697" timestamp="2020-07-13T13:01:48Z" user="Ficky IRM-RV" uid="9421523" lat="12.5736172" lon="109.2354257"/>
 <node id="7710740819" visible="true" version="1" changeset="87925697" timestamp="2020-07-13T13:01:48Z" user="Ficky IRM-RV" uid="9421523" lat="12.5735998" lon="109.2352873"/>
 <node id="7710740820" visible="true" version="1" changeset="87925697" timestamp="2020-07-13T13:01:48Z" user="Ficky IRM-RV" uid="9421523" lat="12.5733950" lon="109.2350734"/>
 <node id="7710740821" visible="true" version="1" changeset="87925697" timestamp="2020-07-13T13:01:48Z" user="Ficky IRM-RV" uid="9421523" lat="12.5734500" lon="109.2348216"/>
 <node id="7710740822" visible="true" version="1" changeset="87925697" timestamp="2020-07-13T13:01:48Z" user="Ficky IRM-RV" uid="9421523" lat="12.5733202" lon="109.2347025"/>
 <node id="7710740823" visible="true" version="1" changeset="87925697" timestamp="2020-07-13T13:01:48Z" user="Ficky IRM-RV" uid="9421523" lat="12.5725425" lon="109.2347512"/>
 <node id="7710740824" visible="true" version="1" changeset="87925697" timestamp="2020-07-13T13:01:48Z" user="Ficky IRM-RV" uid="9421523" lat="12.5725530" lon="109.2347217"/>
 <node id="7710740825" visible="true" version="1" changeset="87925697" timestamp="2020-07-13T13:01:48Z" user="Ficky IRM-RV" uid="9421523" lat="12.5724774" lon="109.2350908"/>
 <node id="7710740826" visible="true" version="1" changeset="87925697" timestamp="2020-07-13T13:01:48Z" user="Ficky IRM-RV" uid="9421523" lat="12.5725088" lon="109.2350556"/>
 <node id="7710740827" visible="true" version="1" changeset="87925697" timestamp="2020-07-13T13:01:48Z" user="Ficky IRM-RV" uid="9421523" lat="12.5725517" lon="109.2349909"/>
 <node id="7710740828" visible="true" version="1" changeset="87925697" timestamp="2020-07-13T13:01:48Z" user="Ficky IRM-RV" uid="9421523" lat="12.5725602" lon="109.2349567"/>
 <node id="7710740829" visible="true" version="1" changeset="87925697" timestamp="2020-07-13T13:01:48Z" user="Ficky IRM-RV" uid="9421523" lat="12.5725337" lon="109.2350231"/>
 <node id="7710740830" visible="true" version="1" changeset="87925697" timestamp="2020-07-13T13:01:48Z" user="Ficky IRM-RV" uid="9421523" lat="12.5721931" lon="109.2353640"/>
 <node id="7710740838" visible="true" version="1" changeset="87925697" timestamp="2020-07-13T13:01:48Z" user="Ficky IRM-RV" uid="9421523" lat="12.5747569" lon="109.2224900"/>
 <node id="7710740839" visible="true" version="1" changeset="87925697" timestamp="2020-07-13T13:01:48Z" user="Ficky IRM-RV" uid="9421523" lat="12.5747499" lon="109.2225208"/>
 <node id="7710740840" visible="true" version="1" changeset="87925697" timestamp="2020-07-13T13:01:48Z" user="Ficky IRM-RV" uid="9421523" lat="12.5747663" lon="109.2224854"/>
 <node id="7710740841" visible="true" version="1" changeset="87925697" timestamp="2020-07-13T13:01:48Z" user="Ficky IRM-RV" uid="9421523" lat="12.5747507" lon="109.2222735"/>
 <node id="7710740842" visible="true" version="1" changeset="87925697" timestamp="2020-07-13T13:01:48Z" user="Ficky IRM-RV" uid="9421523" lat="12.5762287" lon="109.2223528"/>
 <node id="7710740843" visible="true" version="1" changeset="87925697" timestamp="2020-07-13T13:01:48Z" user="Ficky IRM-RV" uid="9421523" lat="12.5761736" lon="109.2223171"/>
 <node id="7710740845" visible="true" version="1" changeset="87925697" timestamp="2020-07-13T13:01:48Z" user="Ficky IRM-RV" uid="9421523" lat="12.5757183" lon="109.2223907"/>
 <node id="8843873008" visible="true" version="1" changeset="106562108" timestamp="2021-06-18T04:39:17Z" user="das2" uid="8924988" lat="12.5736814" lon="109.2325844"/>
 <node id="8843873009" visible="true" version="1" changeset="106562108" timestamp="2021-06-18T04:39:17Z" user="das2" uid="8924988" lat="12.5738593" lon="109.2323560"/>
 <node id="8843873010" visible="true" version="1" changeset="106562108" timestamp="2021-06-18T04:39:17Z" user="das2" uid="8924988" lat="12.5738881" lon="109.2323144"/>
 <node id="8843873011" visible="true" version="1" changeset="106562108" timestamp="2021-06-18T04:39:17Z" user="das2" uid="8924988" lat="12.5738960" lon="109.2322808"/>
 <node id="8843873012" visible="true" version="1" changeset="106562108" timestamp="2021-06-18T04:39:17Z" user="das2" uid="8924988" lat="12.5738842" lon="109.2322326"/>
 <node id="8843873013" visible="true" version="1" changeset="106562108" timestamp="2021-06-18T04:39:17Z" user="das2" uid="8924988" lat="12.5738489" lon="109.2328200"/>
 <node id="8843873014" visible="true" version="1" changeset="106562108" timestamp="2021-06-18T04:39:17Z" user="das2" uid="8924988" lat="12.5737415" lon="109.2327046"/>
 <node id="8843875768" visible="true" version="2" changeset="130019713" timestamp="2022-12-13T04:26:43Z" user="rekeda_" uid="13298535" lat="12.5728395" lon="109.2359254"/>
 <node id="8843875769" visible="true" version="1" changeset="106561186" timestamp="2021-06-18T04:19:16Z" user="p_ravalika" uid="10503930" lat="12.5731767" lon="109.2354539"/>
 <node id="8843875770" visible="true" version="1" changeset="106561186" timestamp="2021-06-18T04:19:16Z" user="p_ravalika" uid="10503930" lat="12.5732094" lon="109.2354184"/>
 <node id="8843875771" visible="true" version="1" changeset="106561186" timestamp="2021-06-18T04:19:16Z" user="p_ravalika" uid="10503930" lat="12.5732238" lon="109.2353936"/>
 <node id="8843875772" visible="true" version="1" changeset="106561186" timestamp="2021-06-18T04:19:16Z" user="p_ravalika" uid="10503930" lat="12.5732265" lon="109.2353835"/>
 <node id="8843875773" visible="true" version="1" changeset="106561186" timestamp="2021-06-18T04:19:16Z" user="p_ravalika" uid="10503930" lat="12.5732350" lon="109.2353466"/>
 <node id="8843875774" visible="true" version="1" changeset="106561186" timestamp="2021-06-18T04:19:16Z" user="p_ravalika" uid="10503930" lat="12.5732454" lon="109.2353211"/>
 <node id="8843875775" visible="true" version="1" changeset="106561186" timestamp="2021-06-18T04:19:16Z" user="p_ravalika" uid="10503930" lat="12.5732553" lon="109.2352910"/>
 <node id="8843875776" visible="true" version="1" changeset="106561186" timestamp="2021-06-18T04:19:16Z" user="p_ravalika" uid="10503930" lat="12.5732494" lon="109.2352675"/>
 <node id="8843875777" visible="true" version="1" changeset="106561186" timestamp="2021-06-18T04:19:16Z" user="p_ravalika" uid="10503930" lat="12.5731311" lon="109.2351040"/>
 <node id="8844321606" visible="true" version="1" changeset="106572134" timestamp="2021-06-18T07:35:43Z" user="mani_sh5" uid="11659188" lat="12.5715150" lon="109.2324391"/>
 <node id="8844321607" visible="true" version="1" changeset="106572134" timestamp="2021-06-18T07:35:43Z" user="mani_sh5" uid="11659188" lat="12.5712969" lon="109.2327973"/>
 <node id="8844321608" visible="true" version="1" changeset="106572134" timestamp="2021-06-18T07:35:43Z" user="mani_sh5" uid="11659188" lat="12.5711310" lon="109.2330699"/>
 <node id="10258455589" visible="true" version="1" changeset="130019713" timestamp="2022-12-13T04:26:43Z" user="rekeda_" uid="13298535" lat="12.5755558" lon="109.2412301"/>
 <node id="10258455595" visible="true" version="1" changeset="130019713" timestamp="2022-12-13T04:26:43Z" user="rekeda_" uid="13298535" lat="12.5755805" lon="109.2411062"/>
 <node id="10258455596" visible="true" version="1" changeset="130019713" timestamp="2022-12-13T04:26:43Z" user="rekeda_" uid="13298535" lat="12.5755415" lon="109.2406664"/>
 <node id="10258455597" visible="true" version="1" changeset="130019713" timestamp="2022-12-13T04:26:43Z" user="rekeda_" uid="13298535" lat="12.5754478" lon="109.2401266"/>
 <node id="10258455598" visible="true" version="1" changeset="130019713" timestamp="2022-12-13T04:26:43Z" user="rekeda_" uid="13298535" lat="12.5753229" lon="109.2395469"/>
 <node id="10258455599" visible="true" version="1" changeset="130019713" timestamp="2022-12-13T04:26:43Z" user="rekeda_" uid="13298535" lat="12.5752098" lon="109.2391350"/>
 <node id="10258455600" visible="true" version="1" changeset="130019713" timestamp="2022-12-13T04:26:43Z" user="rekeda_" uid="13298535" lat="12.5749639" lon="109.2386712"/>
 <node id="10258455601" visible="true" version="1" changeset="130019713" timestamp="2022-12-13T04:26:43Z" user="rekeda_" uid="13298535" lat="12.5748195" lon="109.2383833"/>
 <node id="10258455602" visible="true" version="1" changeset="130019713" timestamp="2022-12-13T04:26:43Z" user="rekeda_" uid="13298535" lat="12.5746595" lon="109.2379035"/>
 <node id="10258455603" visible="true" version="1" changeset="130019713" timestamp="2022-12-13T04:26:43Z" user="rekeda_" uid="13298535" lat="12.5744800" lon="109.2374637"/>
 <node id="10258455604" visible="true" version="1" changeset="130019713" timestamp="2022-12-13T04:26:43Z" user="rekeda_" uid="13298535" lat="12.5742966" lon="109.2371478"/>
 <node id="10258455605" visible="true" version="1" changeset="130019713" timestamp="2022-12-13T04:26:43Z" user="rekeda_" uid="13298535" lat="12.5738907" lon="109.2366480"/>
 <node id="10258455606" visible="true" version="1" changeset="130019713" timestamp="2022-12-13T04:26:43Z" user="rekeda_" uid="13298535" lat="12.5728761" lon="109.2359643"/>
 <node id="10258455607" visible="true" version="1" changeset="130019713" timestamp="2022-12-13T04:26:43Z" user="rekeda_" uid="13298535" lat="12.5727785" lon="109.2358603"/>
 <node id="10258455608" visible="true" version="1" changeset="130019713" timestamp="2022-12-13T04:26:43Z" user="rekeda_" uid="13298535" lat="12.5726146" lon="109.2358363"/>
 <node id="10258511909" visible="true" version="1" changeset="130019713" timestamp="2022-12-13T04:26:43Z" user="rekeda_" uid="13298535" lat="12.5721268" lon="109.2356324"/>
 <node id="10258511910" visible="true" version="1" changeset="130019713" timestamp="2022-12-13T04:26:43Z" user="rekeda_" uid="13298535" lat="12.5717248" lon="109.2354365"/>
 <node id="10258511911" visible="true" version="1" changeset="130019713" timestamp="2022-12-13T04:26:43Z" user="rekeda_" uid="13298535" lat="12.5712253" lon="109.2352926"/>
 <node id="11542179351" visible="true" version="1" changeset="146576772" timestamp="2024-01-23T03:40:43Z" user="KimChinhTri" uid="4892796" lat="12.5556790" lon="109.2092625"/>
 <node id="11542179398" visible="true" version="1" changeset="146576772" timestamp="2024-01-23T03:40:43Z" user="KimChinhTri" uid="4892796" lat="12.5557036" lon="109.2092608"/>
 <node id="11943923074" visible="true" version="1" changeset="152013921" timestamp="2024-05-30T03:54:16Z" user="RedGreenBlue09" uid="21224147" lat="12.5783520" lon="109.2243200"/>
 <node id="11943923075" visible="true" version="1" changeset="152013921" timestamp="2024-05-30T03:54:16Z" user="RedGreenBlue09" uid="21224147" lat="12.5741431" lon="109.2236483"/>
 <node id="11943923076" visible="true" version="1" changeset="152013921" timestamp="2024-05-30T03:54:16Z" user="RedGreenBlue09" uid="21224147" lat="12.5919024" lon="109.2314695"/>
 <node id="11943923077" visible="true" version="1" changeset="152013921" timestamp="2024-05-30T03:54:16Z" user="RedGreenBlue09" uid="21224147" lat="12.5915831" lon="109.2311007"/>
 <node id="11943923078" visible="true" version="1" changeset="152013921" timestamp="2024-05-30T03:54:16Z" user="RedGreenBlue09" uid="21224147" lat="12.5912205" lon="109.2308150"/>
 <node id="11943923079" visible="true" version="1" changeset="152013921" timestamp="2024-05-30T03:54:16Z" user="RedGreenBlue09" uid="21224147" lat="12.5908933" lon="109.2305978"/>
 <node id="11943923080" visible="true" version="1" changeset="152013921" timestamp="2024-05-30T03:54:16Z" user="RedGreenBlue09" uid="21224147" lat="12.5906813" lon="109.2304409"/>
 <node id="11943923081" visible="true" version="1" changeset="152013921" timestamp="2024-05-30T03:54:16Z" user="RedGreenBlue09" uid="21224147" lat="12.5901944" lon="109.2300452"/>
 <node id="11943923082" visible="true" version="1" changeset="152013921" timestamp="2024-05-30T03:54:16Z" user="RedGreenBlue09" uid="21224147" lat="12.5900805" lon="109.2299366"/>
 <node id="11943923083" visible="true" version="1" changeset="152013921" timestamp="2024-05-30T03:54:16Z" user="RedGreenBlue09" uid="21224147" lat="12.5897651" lon="109.2295772"/>
 <node id="11943923084" visible="true" version="1" changeset="152013921" timestamp="2024-05-30T03:54:16Z" user="RedGreenBlue09" uid="21224147" lat="12.5896708" lon="109.2294618"/>
 <node id="11943923085" visible="true" version="1" changeset="152013921" timestamp="2024-05-30T03:54:16Z" user="RedGreenBlue09" uid="21224147" lat="12.5895714" lon="109.2293586"/>
 <node id="11943923086" visible="true" version="1" changeset="152013921" timestamp="2024-05-30T03:54:16Z" user="RedGreenBlue09" uid="21224147" lat="12.5894614" lon="109.2292754"/>
 <node id="11943923087" visible="true" version="1" changeset="152013921" timestamp="2024-05-30T03:54:16Z" user="RedGreenBlue09" uid="21224147" lat="12.5893358" lon="109.2292124"/>
 <node id="11943923088" visible="true" version="1" changeset="152013921" timestamp="2024-05-30T03:54:16Z" user="RedGreenBlue09" uid="21224147" lat="12.5892075" lon="109.2291588"/>
 <node id="11943923089" visible="true" version="1" changeset="152013921" timestamp="2024-05-30T03:54:16Z" user="RedGreenBlue09" uid="21224147" lat="12.5786788" lon="109.2213857"/>
 <node id="11943923090" visible="true" version="1" changeset="152013921" timestamp="2024-05-30T03:54:16Z" user="RedGreenBlue09" uid="21224147" lat="12.5785100" lon="109.2215654"/>
 <node id="11943923091" visible="true" version="1" changeset="152013921" timestamp="2024-05-30T03:54:16Z" user="RedGreenBlue09" uid="21224147" lat="12.5783974" lon="109.2218108"/>
 <node id="11943923092" visible="true" version="1" changeset="152013921" timestamp="2024-05-30T03:54:16Z" user="RedGreenBlue09" uid="21224147" lat="12.5783162" lon="109.2220938"/>
 <node id="11943923093" visible="true" version="1" changeset="152013921" timestamp="2024-05-30T03:54:16Z" user="RedGreenBlue09" uid="21224147" lat="12.5783045" lon="109.2222668"/>
 <node id="11943923094" visible="true" version="1" changeset="152013921" timestamp="2024-05-30T03:54:16Z" user="RedGreenBlue09" uid="21224147" lat="12.5785571" lon="109.2232485"/>
 <node id="11943923095" visible="true" version="1" changeset="152013921" timestamp="2024-05-30T03:54:16Z" user="RedGreenBlue09" uid="21224147" lat="12.5786238" lon="109.2234792"/>
 <node id="11943923096" visible="true" version="1" changeset="152013921" timestamp="2024-05-30T03:54:16Z" user="RedGreenBlue09" uid="21224147" lat="12.5786251" lon="109.2236441"/>
 <node id="11943923097" visible="true" version="1" changeset="152013921" timestamp="2024-05-30T03:54:16Z" user="RedGreenBlue09" uid="21224147" lat="12.5785911" lon="109.2238889"/>
 <node id="11943923098" visible="true" version="1" changeset="152013921" timestamp="2024-05-30T03:54:16Z" user="RedGreenBlue09" uid="21224147" lat="12.5784929" lon="109.2241283"/>
 <node id="11943923099" visible="true" version="1" changeset="152013921" timestamp="2024-05-30T03:54:16Z" user="RedGreenBlue09" uid="21224147" lat="12.5783673" lon="109.2243066"/>
 <node id="11943923100" visible="true" version="1" changeset="152013921" timestamp="2024-05-30T03:54:16Z" user="RedGreenBlue09" uid="21224147" lat="12.5782298" lon="109.2244273"/>
 <node id="11943923101" visible="true" version="1" changeset="152013921" timestamp="2024-05-30T03:54:16Z" user="RedGreenBlue09" uid="21224147" lat="12.5763254" lon="109.2259093"/>
 <node id="11943923102" visible="true" version="1" changeset="152013921" timestamp="2024-05-30T03:54:16Z" user="RedGreenBlue09" uid="21224147" lat="12.5762043" lon="109.2259911"/>
 <node id="11943923103" visible="true" version="1" changeset="152013921" timestamp="2024-05-30T03:54:16Z" user="RedGreenBlue09" uid="21224147" lat="12.5761225" lon="109.2260159"/>
 <node id="11943923104" visible="true" version="1" changeset="152013921" timestamp="2024-05-30T03:54:16Z" user="RedGreenBlue09" uid="21224147" lat="12.5760492" lon="109.2260092"/>
 <node id="11943923105" visible="true" version="1" changeset="152013921" timestamp="2024-05-30T03:54:16Z" user="RedGreenBlue09" uid="21224147" lat="12.5759759" lon="109.2259696"/>
 <node id="11943923106" visible="true" version="1" changeset="152013921" timestamp="2024-05-30T03:54:16Z" user="RedGreenBlue09" uid="21224147" lat="12.5748927" lon="109.2250060"/>
 <node id="11943923107" visible="true" version="1" changeset="152013921" timestamp="2024-05-30T03:54:16Z" user="RedGreenBlue09" uid="21224147" lat="12.5746493" lon="109.2247284"/>
 <node id="11943923108" visible="true" version="1" changeset="152013921" timestamp="2024-05-30T03:54:16Z" user="RedGreenBlue09" uid="21224147" lat="12.5744412" lon="109.2244146"/>
 <node id="11943923109" visible="true" version="1" changeset="152013921" timestamp="2024-05-30T03:54:16Z" user="RedGreenBlue09" uid="21224147" lat="12.5742075" lon="109.2238165"/>
 <node id="11943923110" visible="true" version="1" changeset="152013921" timestamp="2024-05-30T03:54:16Z" user="RedGreenBlue09" uid="21224147" lat="12.5740740" lon="109.2234678"/>
 <node id="11943923111" visible="true" version="1" changeset="152013921" timestamp="2024-05-30T03:54:16Z" user="RedGreenBlue09" uid="21224147" lat="12.5739091" lon="109.2231573"/>
 <node id="11943923112" visible="true" version="1" changeset="152013921" timestamp="2024-05-30T03:54:16Z" user="RedGreenBlue09" uid="21224147" lat="12.5737795" lon="109.2230165"/>
 <node id="11943923113" visible="true" version="1" changeset="152013921" timestamp="2024-05-30T03:54:16Z" user="RedGreenBlue09" uid="21224147" lat="12.5735257" lon="109.2228630"/>
 <node id="13036730191" visible="true" version="1" changeset="169702640" timestamp="2025-07-30T06:15:37Z" user="Trần Xuân" uid="23012452" lat="12.5547047" lon="109.2108470"/>
 <node id="13036730246" visible="true" version="1" changeset="169702640" timestamp="2025-07-30T06:15:37Z" user="Trần Xuân" uid="23012452" lat="12.5539302" lon="109.2139304"/>
 <node id="13687728949" visible="true" version="1" changeset="180566792" timestamp="2026-03-29T05:09:06Z" user="GlavkomLVO" uid="20150494" lat="12.5176513" lon="109.2370090"/>
 <node id="13687728950" visible="true" version="1" changeset="180566792" timestamp="2026-03-29T05:09:06Z" user="GlavkomLVO" uid="20150494" lat="12.5177928" lon="109.2370147"/>
 <node id="13687728951" visible="true" version="1" changeset="180566792" timestamp="2026-03-29T05:09:06Z" user="GlavkomLVO" uid="20150494" lat="12.5181195" lon="109.2370816"/>
 <node id="13687728952" visible="true" version="1" changeset="180566792" timestamp="2026-03-29T05:09:06Z" user="GlavkomLVO" uid="20150494" lat="12.5184626" lon="109.2371526"/>
 <node id="13687728953" visible="true" version="1" changeset="180566792" timestamp="2026-03-29T05:09:06Z" user="GlavkomLVO" uid="20150494" lat="12.5187740" lon="109.2372411"/>
 <node id="13687728954" visible="true" version="1" changeset="180566792" timestamp="2026-03-29T05:09:06Z" user="GlavkomLVO" uid="20150494" lat="12.5190197" lon="109.2373417"/>
 <node id="13687728955" visible="true" version="1" changeset="180566792" timestamp="2026-03-29T05:09:06Z" user="GlavkomLVO" uid="20150494" lat="12.5193184" lon="109.2374978"/>
 <node id="13687728956" visible="true" version="1" changeset="180566792" timestamp="2026-03-29T05:09:06Z" user="GlavkomLVO" uid="20150494" lat="12.5194371" lon="109.2375451"/>
 <node id="13687728957" visible="true" version="1" changeset="180566792" timestamp="2026-03-29T05:09:06Z" user="GlavkomLVO" uid="20150494" lat="12.5195021" lon="109.2375617"/>
 <node id="13687728958" visible="true" version="1" changeset="180566792" timestamp="2026-03-29T05:09:06Z" user="GlavkomLVO" uid="20150494" lat="12.5196379" lon="109.2375810"/>
 <node id="13687728959" visible="true" version="1" changeset="180566792" timestamp="2026-03-29T05:09:06Z" user="GlavkomLVO" uid="20150494" lat="12.5198184" lon="109.2375840"/>
 <node id="13687728960" visible="true" version="1" changeset="180566792" timestamp="2026-03-29T05:09:06Z" user="GlavkomLVO" uid="20150494" lat="12.5199225" lon="109.2375734"/>
 <node id="13687728961" visible="true" version="1" changeset="180566792" timestamp="2026-03-29T05:09:06Z" user="GlavkomLVO" uid="20150494" lat="12.5201429" lon="109.2375428"/>
 <node id="13687728962" visible="true" version="1" changeset="180566792" timestamp="2026-03-29T05:09:06Z" user="GlavkomLVO" uid="20150494" lat="12.5203829" lon="109.2374828"/>
 <node id="13687728963" visible="true" version="1" changeset="180566792" timestamp="2026-03-29T05:09:06Z" user="GlavkomLVO" uid="20150494" lat="12.5205453" lon="109.2374330"/>
 <node id="13687728964" visible="true" version="1" changeset="180566792" timestamp="2026-03-29T05:09:06Z" user="GlavkomLVO" uid="20150494" lat="12.5206480" lon="109.2373853"/>
 <node id="13687728965" visible="true" version="1" changeset="180566792" timestamp="2026-03-29T05:09:06Z" user="GlavkomLVO" uid="20150494" lat="12.5210104" lon="109.2371174"/>
 <node id="13687728966" visible="true" version="1" changeset="180566792" timestamp="2026-03-29T05:09:06Z" user="GlavkomLVO" uid="20150494" lat="12.5210956" lon="109.2370590"/>
 <node id="13687728967" visible="true" version="1" changeset="180566792" timestamp="2026-03-29T05:09:06Z" user="GlavkomLVO" uid="20150494" lat="12.5211428" lon="109.2370057"/>
 <node id="13687728968" visible="true" version="1" changeset="180566792" timestamp="2026-03-29T05:09:06Z" user="GlavkomLVO" uid="20150494" lat="12.5211950" lon="109.2369291"/>
 <node id="13687728969" visible="true" version="1" changeset="180566792" timestamp="2026-03-29T05:09:06Z" user="GlavkomLVO" uid="20150494" lat="12.5212321" lon="109.2368650"/>
 <node id="13687728970" visible="true" version="1" changeset="180566792" timestamp="2026-03-29T05:09:06Z" user="GlavkomLVO" uid="20150494" lat="12.5212839" lon="109.2367424"/>
 <node id="13687728971" visible="true" version="1" changeset="180566792" timestamp="2026-03-29T05:09:06Z" user="GlavkomLVO" uid="20150494" lat="12.5213410" lon="109.2366078"/>
 <node id="13687728972" visible="true" version="1" changeset="180566792" timestamp="2026-03-29T05:09:06Z" user="GlavkomLVO" uid="20150494" lat="12.5213843" lon="109.2365365"/>
 <node id="13687728973" visible="true" version="1" changeset="180566792" timestamp="2026-03-29T05:09:06Z" user="GlavkomLVO" uid="20150494" lat="12.5214407" lon="109.2364539"/>
 <node id="13687728974" visible="true" version="1" changeset="180566792" timestamp="2026-03-29T05:09:06Z" user="GlavkomLVO" uid="20150494" lat="12.5215145" lon="109.2363124"/>
 <node id="13687728975" visible="true" version="1" changeset="180566792" timestamp="2026-03-29T05:09:06Z" user="GlavkomLVO" uid="20150494" lat="12.5216676" lon="109.2359461"/>
 <node id="13687728976" visible="true" version="1" changeset="180566792" timestamp="2026-03-29T05:09:06Z" user="GlavkomLVO" uid="20150494" lat="12.5217775" lon="109.2356608"/>
 <node id="13687728977" visible="true" version="1" changeset="180566792" timestamp="2026-03-29T05:09:06Z" user="GlavkomLVO" uid="20150494" lat="12.5219090" lon="109.2354091"/>
 <node id="13687728978" visible="true" version="1" changeset="180566792" timestamp="2026-03-29T05:09:06Z" user="GlavkomLVO" uid="20150494" lat="12.5220896" lon="109.2350599"/>
 <node id="13687728979" visible="true" version="1" changeset="180566792" timestamp="2026-03-29T05:09:06Z" user="GlavkomLVO" uid="20150494" lat="12.5221179" lon="109.2350100"/>
 <node id="13687728980" visible="true" version="1" changeset="180566792" timestamp="2026-03-29T05:09:06Z" user="GlavkomLVO" uid="20150494" lat="12.5222950" lon="109.2347861"/>
 <node id="13687728981" visible="true" version="1" changeset="180566792" timestamp="2026-03-29T05:09:06Z" user="GlavkomLVO" uid="20150494" lat="12.5225200" lon="109.2345320"/>
 <node id="13687728982" visible="true" version="1" changeset="180566792" timestamp="2026-03-29T05:09:06Z" user="GlavkomLVO" uid="20150494" lat="12.5227169" lon="109.2343422"/>
 <node id="13687728983" visible="true" version="1" changeset="180566792" timestamp="2026-03-29T05:09:06Z" user="GlavkomLVO" uid="20150494" lat="12.5229239" lon="109.2341646"/>
 <node id="13687728984" visible="true" version="1" changeset="180566792" timestamp="2026-03-29T05:09:06Z" user="GlavkomLVO" uid="20150494" lat="12.5231333" lon="109.2339561"/>
 <node id="13687728985" visible="true" version="1" changeset="180566792" timestamp="2026-03-29T05:09:06Z" user="GlavkomLVO" uid="20150494" lat="12.5232379" lon="109.2338843"/>
 <node id="13687728986" visible="true" version="1" changeset="180566792" timestamp="2026-03-29T05:09:06Z" user="GlavkomLVO" uid="20150494" lat="12.5233508" lon="109.2338137"/>
 <node id="13687728987" visible="true" version="1" changeset="180566792" timestamp="2026-03-29T05:09:06Z" user="GlavkomLVO" uid="20150494" lat="12.5235165" lon="109.2337211"/>
 <node id="13687728988" visible="true" version="1" changeset="180566792" timestamp="2026-03-29T05:09:06Z" user="GlavkomLVO" uid="20150494" lat="12.5238053" lon="109.2335645"/>
 <node id="13687728989" visible="true" version="1" changeset="180566792" timestamp="2026-03-29T05:09:06Z" user="GlavkomLVO" uid="20150494" lat="12.5240120" lon="109.2334609"/>
 <node id="13687728990" visible="true" version="1" changeset="180566792" timestamp="2026-03-29T05:09:06Z" user="GlavkomLVO" uid="20150494" lat="12.5242212" lon="109.2333379"/>
 <node id="13687728991" visible="true" version="1" changeset="180566792" timestamp="2026-03-29T05:09:06Z" user="GlavkomLVO" uid="20150494" lat="12.5243638" lon="109.2332384"/>
 <node id="13687728992" visible="true" version="1" changeset="180566792" timestamp="2026-03-29T05:09:06Z" user="GlavkomLVO" uid="20150494" lat="12.5245994" lon="109.2330835"/>
 <node id="13687728993" visible="true" version="1" changeset="180566792" timestamp="2026-03-29T05:09:06Z" user="GlavkomLVO" uid="20150494" lat="12.5247690" lon="109.2329990"/>
 <node id="13687728994" visible="true" version="1" changeset="180566792" timestamp="2026-03-29T05:09:06Z" user="GlavkomLVO" uid="20150494" lat="12.5249503" lon="109.2329188"/>
 <node id="13687728995" visible="true" version="1" changeset="180566792" timestamp="2026-03-29T05:09:06Z" user="GlavkomLVO" uid="20150494" lat="12.5252916" lon="109.2327793"/>
 <node id="13687728996" visible="true" version="1" changeset="180566792" timestamp="2026-03-29T05:09:06Z" user="GlavkomLVO" uid="20150494" lat="12.5255554" lon="109.2326873"/>
 <node id="13687728997" visible="true" version="1" changeset="180566792" timestamp="2026-03-29T05:09:06Z" user="GlavkomLVO" uid="20150494" lat="12.5258544" lon="109.2326109"/>
 <node id="13687728998" visible="true" version="1" changeset="180566792" timestamp="2026-03-29T05:09:06Z" user="GlavkomLVO" uid="20150494" lat="12.5261970" lon="109.2325410"/>
 <node id="13687728999" visible="true" version="1" changeset="180566792" timestamp="2026-03-29T05:09:06Z" user="GlavkomLVO" uid="20150494" lat="12.5268070" lon="109.2324410"/>
 <node id="13687729000" visible="true" version="1" changeset="180566792" timestamp="2026-03-29T05:09:06Z" user="GlavkomLVO" uid="20150494" lat="12.5272385" lon="109.2323574"/>
 <node id="13687786301" visible="true" version="1" changeset="180566792" timestamp="2026-03-29T05:09:06Z" user="GlavkomLVO" uid="20150494" lat="12.5275715" lon="109.2322819"/>
 <node id="13687786302" visible="true" version="1" changeset="180566792" timestamp="2026-03-29T05:09:06Z" user="GlavkomLVO" uid="20150494" lat="12.5277630" lon="109.2322462"/>
 <node id="13687786303" visible="true" version="1" changeset="180566792" timestamp="2026-03-29T05:09:06Z" user="GlavkomLVO" uid="20150494" lat="12.5279530" lon="109.2322198"/>
 <node id="13687786304" visible="true" version="1" changeset="180566792" timestamp="2026-03-29T05:09:06Z" user="GlavkomLVO" uid="20150494" lat="12.5283597" lon="109.2321248"/>
 <node id="13687786305" visible="true" version="1" changeset="180566792" timestamp="2026-03-29T05:09:06Z" user="GlavkomLVO" uid="20150494" lat="12.5287285" lon="109.2320396"/>
 <node id="13687786306" visible="true" version="1" changeset="180566792" timestamp="2026-03-29T05:09:06Z" user="GlavkomLVO" uid="20150494" lat="12.5291881" lon="109.2319542"/>
 <node id="13687786307" visible="true" version="1" changeset="180566792" timestamp="2026-03-29T05:09:06Z" user="GlavkomLVO" uid="20150494" lat="12.5297447" lon="109.2318466"/>
 <node id="13687786308" visible="true" version="1" changeset="180566792" timestamp="2026-03-29T05:09:06Z" user="GlavkomLVO" uid="20150494" lat="12.5301026" lon="109.2317406"/>
 <node id="13687786309" visible="true" version="1" changeset="180566792" timestamp="2026-03-29T05:09:06Z" user="GlavkomLVO" uid="20150494" lat="12.5303397" lon="109.2316339"/>
 <node id="13687786310" visible="true" version="1" changeset="180566792" timestamp="2026-03-29T05:09:06Z" user="GlavkomLVO" uid="20150494" lat="12.5306240" lon="109.2314848"/>
 <node id="13687786311" visible="true" version="1" changeset="180566792" timestamp="2026-03-29T05:09:06Z" user="GlavkomLVO" uid="20150494" lat="12.5309793" lon="109.2313576"/>
 <node id="13687786312" visible="true" version="1" changeset="180566792" timestamp="2026-03-29T05:09:06Z" user="GlavkomLVO" uid="20150494" lat="12.5314014" lon="109.2311770"/>
 <node id="13687786313" visible="true" version="1" changeset="180566792" timestamp="2026-03-29T05:09:06Z" user="GlavkomLVO" uid="20150494" lat="12.5319511" lon="109.2309667"/>
 <node id="13687786314" visible="true" version="1" changeset="180566792" timestamp="2026-03-29T05:09:06Z" user="GlavkomLVO" uid="20150494" lat="12.5322128" lon="109.2308614"/>
 <node id="13687786315" visible="true" version="1" changeset="180566792" timestamp="2026-03-29T05:09:06Z" user="GlavkomLVO" uid="20150494" lat="12.5326373" lon="109.2307397"/>
 <node id="13687786316" visible="true" version="1" changeset="180566792" timestamp="2026-03-29T05:09:06Z" user="GlavkomLVO" uid="20150494" lat="12.5331273" lon="109.2306227"/>
 <node id="13687786317" visible="true" version="1" changeset="180566792" timestamp="2026-03-29T05:09:06Z" user="GlavkomLVO" uid="20150494" lat="12.5334157" lon="109.2305222"/>
 <node id="13687786318" visible="true" version="1" changeset="180566792" timestamp="2026-03-29T05:09:06Z" user="GlavkomLVO" uid="20150494" lat="12.5338297" lon="109.2304039"/>
 <node id="13687786319" visible="true" version="1" changeset="180566792" timestamp="2026-03-29T05:09:06Z" user="GlavkomLVO" uid="20150494" lat="12.5342194" lon="109.2302859"/>
 <node id="13687786320" visible="true" version="1" changeset="180566792" timestamp="2026-03-29T05:09:06Z" user="GlavkomLVO" uid="20150494" lat="12.5345285" lon="109.2301975"/>
 <node id="13687786321" visible="true" version="1" changeset="180566792" timestamp="2026-03-29T05:09:06Z" user="GlavkomLVO" uid="20150494" lat="12.5350782" lon="109.2300730"/>
 <node id="13687786322" visible="true" version="1" changeset="180566792" timestamp="2026-03-29T05:09:06Z" user="GlavkomLVO" uid="20150494" lat="12.5356948" lon="109.2299914"/>
 <node id="13687786323" visible="true" version="1" changeset="180566792" timestamp="2026-03-29T05:09:06Z" user="GlavkomLVO" uid="20150494" lat="12.5361647" lon="109.2299365"/>
 <node id="13687786324" visible="true" version="1" changeset="180566792" timestamp="2026-03-29T05:09:06Z" user="GlavkomLVO" uid="20150494" lat="12.5367987" lon="109.2298950"/>
 <node id="13687786325" visible="true" version="1" changeset="180566792" timestamp="2026-03-29T05:09:06Z" user="GlavkomLVO" uid="20150494" lat="12.5379649" lon="109.2299170"/>
 <node id="13687786326" visible="true" version="1" changeset="180566792" timestamp="2026-03-29T05:09:06Z" user="GlavkomLVO" uid="20150494" lat="12.5388839" lon="109.2299124"/>
 <node id="13687786327" visible="true" version="1" changeset="180566792" timestamp="2026-03-29T05:09:06Z" user="GlavkomLVO" uid="20150494" lat="12.5394938" lon="109.2299087"/>
 <node id="13687786328" visible="true" version="1" changeset="180566792" timestamp="2026-03-29T05:09:06Z" user="GlavkomLVO" uid="20150494" lat="12.5398613" lon="109.2298797"/>
 <node id="13687786329" visible="true" version="1" changeset="180566792" timestamp="2026-03-29T05:09:06Z" user="GlavkomLVO" uid="20150494" lat="12.5410202" lon="109.2298914"/>
 <node id="13687786330" visible="true" version="1" changeset="180566792" timestamp="2026-03-29T05:09:06Z" user="GlavkomLVO" uid="20150494" lat="12.5421979" lon="109.2298618"/>
 <node id="13687786331" visible="true" version="1" changeset="180566792" timestamp="2026-03-29T05:09:06Z" user="GlavkomLVO" uid="20150494" lat="12.5429795" lon="109.2299439"/>
 <node id="13687786332" visible="true" version="1" changeset="180566792" timestamp="2026-03-29T05:09:06Z" user="GlavkomLVO" uid="20150494" lat="12.5436240" lon="109.2299524"/>
 <node id="13687786333" visible="true" version="1" changeset="180566792" timestamp="2026-03-29T05:09:06Z" user="GlavkomLVO" uid="20150494" lat="12.5456618" lon="109.2299998"/>
 <node id="13687786334" visible="true" version="1" changeset="180566792" timestamp="2026-03-29T05:09:06Z" user="GlavkomLVO" uid="20150494" lat="12.5458843" lon="109.2300201"/>
 <node id="13687786335" visible="true" version="1" changeset="180566792" timestamp="2026-03-29T05:09:06Z" user="GlavkomLVO" uid="20150494" lat="12.5462230" lon="109.2300759"/>
 <node id="13687786336" visible="true" version="1" changeset="180566792" timestamp="2026-03-29T05:09:06Z" user="GlavkomLVO" uid="20150494" lat="12.5465436" lon="109.2301027"/>
 <node id="13687786337" visible="true" version="1" changeset="180566792" timestamp="2026-03-29T05:09:06Z" user="GlavkomLVO" uid="20150494" lat="12.5469836" lon="109.2301183"/>
 <node id="13687786338" visible="true" version="1" changeset="180566792" timestamp="2026-03-29T05:09:06Z" user="GlavkomLVO" uid="20150494" lat="12.5474794" lon="109.2301550"/>
 <node id="13687786339" visible="true" version="1" changeset="180566792" timestamp="2026-03-29T05:09:06Z" user="GlavkomLVO" uid="20150494" lat="12.5481083" lon="109.2302163"/>
 <node id="13687786340" visible="true" version="1" changeset="180566792" timestamp="2026-03-29T05:09:06Z" user="GlavkomLVO" uid="20150494" lat="12.5486753" lon="109.2302496"/>
 <node id="13687786341" visible="true" version="1" changeset="180566792" timestamp="2026-03-29T05:09:06Z" user="GlavkomLVO" uid="20150494" lat="12.5492067" lon="109.2303037"/>
 <node id="13687786342" visible="true" version="1" changeset="180566792" timestamp="2026-03-29T05:09:06Z" user="GlavkomLVO" uid="20150494" lat="12.5497930" lon="109.2303647"/>
 <node id="13687786343" visible="true" version="1" changeset="180566792" timestamp="2026-03-29T05:09:06Z" user="GlavkomLVO" uid="20150494" lat="12.5507225" lon="109.2304433"/>
 <node id="13687786344" visible="true" version="1" changeset="180566792" timestamp="2026-03-29T05:09:06Z" user="GlavkomLVO" uid="20150494" lat="12.5516029" lon="109.2305231"/>
 <node id="13687786345" visible="true" version="1" changeset="180566792" timestamp="2026-03-29T05:09:06Z" user="GlavkomLVO" uid="20150494" lat="12.5522092" lon="109.2305826"/>
 <node id="13687786346" visible="true" version="1" changeset="180566792" timestamp="2026-03-29T05:09:06Z" user="GlavkomLVO" uid="20150494" lat="12.5530004" lon="109.2306992"/>
 <node id="13687786347" visible="true" version="1" changeset="180566792" timestamp="2026-03-29T05:09:06Z" user="GlavkomLVO" uid="20150494" lat="12.5547846" lon="109.2309491"/>
 <node id="13687786348" visible="true" version="1" changeset="180566792" timestamp="2026-03-29T05:09:06Z" user="GlavkomLVO" uid="20150494" lat="12.5561680" lon="109.2311560"/>
 <node id="13687786349" visible="true" version="1" changeset="180566792" timestamp="2026-03-29T05:09:06Z" user="GlavkomLVO" uid="20150494" lat="12.5574850" lon="109.2313360"/>
 <node id="13687786350" visible="true" version="1" changeset="180566792" timestamp="2026-03-29T05:09:06Z" user="GlavkomLVO" uid="20150494" lat="12.5588455" lon="109.2315160"/>
 <node id="13687786351" visible="true" version="1" changeset="180566792" timestamp="2026-03-29T05:09:06Z" user="GlavkomLVO" uid="20150494" lat="12.5598737" lon="109.2316869"/>
 <node id="13687786352" visible="true" version="1" changeset="180566792" timestamp="2026-03-29T05:09:06Z" user="GlavkomLVO" uid="20150494" lat="12.5609131" lon="109.2318622"/>
 <node id="13687786353" visible="true" version="1" changeset="180566792" timestamp="2026-03-29T05:09:06Z" user="GlavkomLVO" uid="20150494" lat="12.5615913" lon="109.2319913"/>
 <node id="13687786354" visible="true" version="1" changeset="180566792" timestamp="2026-03-29T05:09:06Z" user="GlavkomLVO" uid="20150494" lat="12.5624545" lon="109.2322005"/>
 <node id="13687786355" visible="true" version="1" changeset="180566792" timestamp="2026-03-29T05:09:06Z" user="GlavkomLVO" uid="20150494" lat="12.5634890" lon="109.2324673"/>
 <node id="13687786356" visible="true" version="1" changeset="180566792" timestamp="2026-03-29T05:09:06Z" user="GlavkomLVO" uid="20150494" lat="12.5647130" lon="109.2328477"/>
 <node id="13687786357" visible="true" version="1" changeset="180566792" timestamp="2026-03-29T05:09:06Z" user="GlavkomLVO" uid="20150494" lat="12.5660400" lon="109.2333217"/>
 <node id="13687786358" visible="true" version="1" changeset="180566792" timestamp="2026-03-29T05:09:06Z" user="GlavkomLVO" uid="20150494" lat="12.5672612" lon="109.2337610"/>
 <node id="13687786359" visible="true" version="1" changeset="180566792" timestamp="2026-03-29T05:09:06Z" user="GlavkomLVO" uid="20150494" lat="12.5684325" lon="109.2341564"/>
 <node id="13687786360" visible="true" version="1" changeset="180566792" timestamp="2026-03-29T05:09:06Z" user="GlavkomLVO" uid="20150494" lat="12.5687161" lon="109.2342539"/>
 <node id="13687786361" visible="true" version="1" changeset="180566792" timestamp="2026-03-29T05:09:06Z" user="GlavkomLVO" uid="20150494" lat="12.5687160" lon="109.2342779"/>
 <node id="13687786362" visible="true" version="1" changeset="180566792" timestamp="2026-03-29T05:09:06Z" user="GlavkomLVO" uid="20150494" lat="12.5687194" lon="109.2343100"/>
 <node id="13687786363" visible="true" version="1" changeset="180566792" timestamp="2026-03-29T05:09:06Z" user="GlavkomLVO" uid="20150494" lat="12.5687303" lon="109.2343457"/>
 <node id="13687786364" visible="true" version="1" changeset="180566792" timestamp="2026-03-29T05:09:06Z" user="GlavkomLVO" uid="20150494" lat="12.5687460" lon="109.2343775"/>
 <node id="13687786365" visible="true" version="1" changeset="180566792" timestamp="2026-03-29T05:09:06Z" user="GlavkomLVO" uid="20150494" lat="12.5687665" lon="109.2344061"/>
 <node id="13687786366" visible="true" version="1" changeset="180566792" timestamp="2026-03-29T05:09:06Z" user="GlavkomLVO" uid="20150494" lat="12.5687984" lon="109.2344330"/>
 <node id="13687786367" visible="true" version="1" changeset="180566792" timestamp="2026-03-29T05:09:06Z" user="GlavkomLVO" uid="20150494" lat="12.5720768" lon="109.2357820"/>
 <node id="13687786368" visible="true" version="1" changeset="180566792" timestamp="2026-03-29T05:09:06Z" user="GlavkomLVO" uid="20150494" lat="12.5722771" lon="109.2358700"/>
 <node id="13687786369" visible="true" version="1" changeset="180566792" timestamp="2026-03-29T05:09:06Z" user="GlavkomLVO" uid="20150494" lat="12.5725465" lon="109.2360106"/>
 <node id="13687786370" visible="true" version="1" changeset="180566792" timestamp="2026-03-29T05:09:06Z" user="GlavkomLVO" uid="20150494" lat="12.5730347" lon="109.2362847"/>
 <node id="13687786371" visible="true" version="1" changeset="180566792" timestamp="2026-03-29T05:09:06Z" user="GlavkomLVO" uid="20150494" lat="12.5733806" lon="109.2364737"/>
 <node id="13687786372" visible="true" version="1" changeset="180566792" timestamp="2026-03-29T05:09:06Z" user="GlavkomLVO" uid="20150494" lat="12.5740854" lon="109.2369854"/>
 <node id="13687786373" visible="true" version="1" changeset="180566792" timestamp="2026-03-29T05:09:06Z" user="GlavkomLVO" uid="20150494" lat="12.5742136" lon="109.2371723"/>
 <node id="13687786374" visible="true" version="1" changeset="180566792" timestamp="2026-03-29T05:09:06Z" user="GlavkomLVO" uid="20150494" lat="12.5741831" lon="109.2372169"/>
 <node id="13687786375" visible="true" version="1" changeset="180566792" timestamp="2026-03-29T05:09:06Z" user="GlavkomLVO" uid="20150494" lat="12.5743633" lon="109.2374237"/>
 <node id="13687786376" visible="true" version="1" changeset="180566792" timestamp="2026-03-29T05:09:06Z" user="GlavkomLVO" uid="20150494" lat="12.5744291" lon="109.2374719"/>
 <node id="13687786377" visible="true" version="1" changeset="180566792" timestamp="2026-03-29T05:09:06Z" user="GlavkomLVO" uid="20150494" lat="12.5746706" lon="109.2380592"/>
 <node id="13687786378" visible="true" version="1" changeset="180566792" timestamp="2026-03-29T05:09:06Z" user="GlavkomLVO" uid="20150494" lat="12.5748157" lon="109.2384491"/>
 <node id="13687786379" visible="true" version="1" changeset="180566792" timestamp="2026-03-29T05:09:06Z" user="GlavkomLVO" uid="20150494" lat="12.5748779" lon="109.2385207"/>
 <node id="13687786380" visible="true" version="1" changeset="180566792" timestamp="2026-03-29T05:09:06Z" user="GlavkomLVO" uid="20150494" lat="12.5750245" lon="109.2388221"/>
 <node id="13687786381" visible="true" version="1" changeset="180566792" timestamp="2026-03-29T05:09:06Z" user="GlavkomLVO" uid="20150494" lat="12.5751540" lon="109.2391279"/>
 <node id="13687786382" visible="true" version="1" changeset="180566792" timestamp="2026-03-29T05:09:06Z" user="GlavkomLVO" uid="20150494" lat="12.5752415" lon="109.2393478"/>
 <node id="13687786383" visible="true" version="1" changeset="180566792" timestamp="2026-03-29T05:09:06Z" user="GlavkomLVO" uid="20150494" lat="12.5753231" lon="109.2395190"/>
 <node id="13687786384" visible="true" version="1" changeset="180566792" timestamp="2026-03-29T05:09:06Z" user="GlavkomLVO" uid="20150494" lat="12.5753334" lon="109.2396291"/>
 <node id="13687786385" visible="true" version="1" changeset="180566792" timestamp="2026-03-29T05:09:06Z" user="GlavkomLVO" uid="20150494" lat="12.5753664" lon="109.2399982"/>
 <node id="13687786386" visible="true" version="1" changeset="180566792" timestamp="2026-03-29T05:09:06Z" user="GlavkomLVO" uid="20150494" lat="12.5754745" lon="109.2405832"/>
 <node id="13687786387" visible="true" version="1" changeset="180566792" timestamp="2026-03-29T05:09:06Z" user="GlavkomLVO" uid="20150494" lat="12.5755337" lon="109.2408256"/>
 <node id="13687786388" visible="true" version="1" changeset="180566792" timestamp="2026-03-29T05:09:06Z" user="GlavkomLVO" uid="20150494" lat="12.5755668" lon="109.2410267"/>
 <node id="13687786389" visible="true" version="1" changeset="180566792" timestamp="2026-03-29T05:09:06Z" user="GlavkomLVO" uid="20150494" lat="12.5755379" lon="109.2411273"/>
 <node id="13687786390" visible="true" version="1" changeset="180566792" timestamp="2026-03-29T05:09:06Z" user="GlavkomLVO" uid="20150494" lat="12.5754182" lon="109.2411964"/>
 <node id="13687786391" visible="true" version="1" changeset="180566792" timestamp="2026-03-29T05:09:06Z" user="GlavkomLVO" uid="20150494" lat="12.5752520" lon="109.2413030"/>
 <node id="13687786392" visible="true" version="1" changeset="180566792" timestamp="2026-03-29T05:09:06Z" user="GlavkomLVO" uid="20150494" lat="12.5751357" lon="109.2413459"/>
 <node id="13687786393" visible="true" version="1" changeset="180566792" timestamp="2026-03-29T05:09:06Z" user="GlavkomLVO" uid="20150494" lat="12.5750949" lon="109.2413514"/>
 <node id="13687786394" visible="true" version="1" changeset="180566792" timestamp="2026-03-29T05:09:06Z" user="GlavkomLVO" uid="20150494" lat="12.5747032" lon="109.2427872"/>
 <node id="13687786395" visible="true" version="1" changeset="180566792" timestamp="2026-03-29T05:09:06Z" user="GlavkomLVO" uid="20150494" lat="12.5745372" lon="109.2434396"/>
 <node id="13687786396" visible="true" version="1" changeset="180566792" timestamp="2026-03-29T05:09:06Z" user="GlavkomLVO" uid="20150494" lat="12.5744316" lon="109.2438542"/>
 <node id="13687786397" visible="true" version="1" changeset="180566792" timestamp="2026-03-29T05:09:06Z" user="GlavkomLVO" uid="20150494" lat="12.5743542" lon="109.2439773"/>
 <node id="13687786398" visible="true" version="1" changeset="180566792" timestamp="2026-03-29T05:09:06Z" user="GlavkomLVO" uid="20150494" lat="12.5743037" lon="109.2440962"/>
 <node id="13687786399" visible="true" version="1" changeset="180566792" timestamp="2026-03-29T05:09:06Z" user="GlavkomLVO" uid="20150494" lat="12.5742829" lon="109.2442919"/>
 <node id="13687786400" visible="true" version="1" changeset="180566792" timestamp="2026-03-29T05:09:06Z" user="GlavkomLVO" uid="20150494" lat="12.5742581" lon="109.2444530"/>
 <node id="13687786401" visible="true" version="1" changeset="180566792" timestamp="2026-03-29T05:09:06Z" user="GlavkomLVO" uid="20150494" lat="12.5742160" lon="109.2447059"/>
 <node id="13687786402" visible="true" version="1" changeset="180566792" timestamp="2026-03-29T05:09:06Z" user="GlavkomLVO" uid="20150494" lat="12.5741712" lon="109.2448191"/>
 <node id="13687786403" visible="true" version="1" changeset="180566792" timestamp="2026-03-29T05:09:06Z" user="GlavkomLVO" uid="20150494" lat="12.5741670" lon="109.2448656"/>
 <node id="13687786404" visible="true" version="1" changeset="180566792" timestamp="2026-03-29T05:09:06Z" user="GlavkomLVO" uid="20150494" lat="12.5741756" lon="109.2448710"/>
 <node id="13687786405" visible="true" version="1" changeset="180566792" timestamp="2026-03-29T05:09:06Z" user="GlavkomLVO" uid="20150494" lat="12.5741825" lon="109.2448808"/>
 <node id="13687786406" visible="true" version="1" changeset="180566792" timestamp="2026-03-29T05:09:06Z" user="GlavkomLVO" uid="20150494" lat="12.5741911" lon="109.2448878"/>
 <node id="13687786407" visible="true" version="1" changeset="180566792" timestamp="2026-03-29T05:09:06Z" user="GlavkomLVO" uid="20150494" lat="12.5742038" lon="109.2448335"/>
 <node id="13687786408" visible="true" version="1" changeset="180566792" timestamp="2026-03-29T05:09:06Z" user="GlavkomLVO" uid="20150494" lat="12.5742301" lon="109.2447696"/>
 <node id="13687786409" visible="true" version="1" changeset="180566792" timestamp="2026-03-29T05:09:06Z" user="GlavkomLVO" uid="20150494" lat="12.5742442" lon="109.2447200"/>
 <node id="13687786410" visible="true" version="1" changeset="180566792" timestamp="2026-03-29T05:09:06Z" user="GlavkomLVO" uid="20150494" lat="12.5742468" lon="109.2446436"/>
 <node id="13687786411" visible="true" version="1" changeset="180566792" timestamp="2026-03-29T05:09:06Z" user="GlavkomLVO" uid="20150494" lat="12.5743040" lon="109.2445897"/>
 <node id="13687786412" visible="true" version="1" changeset="180566792" timestamp="2026-03-29T05:09:06Z" user="GlavkomLVO" uid="20150494" lat="12.5744991" lon="109.2443912"/>
 <node id="13687786413" visible="true" version="1" changeset="180566792" timestamp="2026-03-29T05:09:06Z" user="GlavkomLVO" uid="20150494" lat="12.5746650" lon="109.2441840"/>
 <node id="13687786414" visible="true" version="1" changeset="180566792" timestamp="2026-03-29T05:09:06Z" user="GlavkomLVO" uid="20150494" lat="12.5747848" lon="109.2440859"/>
 <node id="13687786415" visible="true" version="1" changeset="180566792" timestamp="2026-03-29T05:09:06Z" user="GlavkomLVO" uid="20150494" lat="12.5750738" lon="109.2438540"/>
 <node id="13687786416" visible="true" version="1" changeset="180566792" timestamp="2026-03-29T05:09:06Z" user="GlavkomLVO" uid="20150494" lat="12.5754321" lon="109.2435967"/>
 <node id="13687786417" visible="true" version="1" changeset="180566792" timestamp="2026-03-29T05:09:06Z" user="GlavkomLVO" uid="20150494" lat="12.5755811" lon="109.2435268"/>
 <node id="13687786418" visible="true" version="1" changeset="180566792" timestamp="2026-03-29T05:09:06Z" user="GlavkomLVO" uid="20150494" lat="12.5757488" lon="109.2434743"/>
 <node id="13687786419" visible="true" version="1" changeset="180566792" timestamp="2026-03-29T05:09:06Z" user="GlavkomLVO" uid="20150494" lat="12.5760941" lon="109.2434351"/>
 <node id="13687786420" visible="true" version="1" changeset="180566792" timestamp="2026-03-29T05:09:06Z" user="GlavkomLVO" uid="20150494" lat="12.5763301" lon="109.2434313"/>
 <node id="13687786421" visible="true" version="1" changeset="180566792" timestamp="2026-03-29T05:09:06Z" user="GlavkomLVO" uid="20150494" lat="12.5767781" lon="109.2434440"/>
 <node id="13687786422" visible="true" version="1" changeset="180566792" timestamp="2026-03-29T05:09:06Z" user="GlavkomLVO" uid="20150494" lat="12.5771813" lon="109.2434565"/>
 <node id="13687786423" visible="true" version="1" changeset="180566792" timestamp="2026-03-29T05:09:06Z" user="GlavkomLVO" uid="20150494" lat="12.5774453" lon="109.2435092"/>
 <node id="13687786424" visible="true" version="1" changeset="180566792" timestamp="2026-03-29T05:09:06Z" user="GlavkomLVO" uid="20150494" lat="12.5776517" lon="109.2435607"/>
 <node id="13687786425" visible="true" version="1" changeset="180566792" timestamp="2026-03-29T05:09:06Z" user="GlavkomLVO" uid="20150494" lat="12.5778438" lon="109.2436230"/>
 <node id="13687786426" visible="true" version="1" changeset="180566792" timestamp="2026-03-29T05:09:06Z" user="GlavkomLVO" uid="20150494" lat="12.5779936" lon="109.2437013"/>
 <node id="13687786427" visible="true" version="1" changeset="180566792" timestamp="2026-03-29T05:09:06Z" user="GlavkomLVO" uid="20150494" lat="12.5783353" lon="109.2439364"/>
 <node id="13687786428" visible="true" version="1" changeset="180566792" timestamp="2026-03-29T05:09:06Z" user="GlavkomLVO" uid="20150494" lat="12.5786855" lon="109.2442717"/>
 <node id="13687786429" visible="true" version="1" changeset="180566792" timestamp="2026-03-29T05:09:06Z" user="GlavkomLVO" uid="20150494" lat="12.5790215" lon="109.2447244"/>
 <node id="13687786430" visible="true" version="1" changeset="180566792" timestamp="2026-03-29T05:09:06Z" user="GlavkomLVO" uid="20150494" lat="12.5791370" lon="109.2447939"/>
 <node id="13687786431" visible="true" version="1" changeset="180566792" timestamp="2026-03-29T05:09:06Z" user="GlavkomLVO" uid="20150494" lat="12.5791163" lon="109.2448599"/>
 <node id="13687786432" visible="true" version="1" changeset="180566792" timestamp="2026-03-29T05:09:06Z" user="GlavkomLVO" uid="20150494" lat="12.5791853" lon="109.2449088"/>
 <node id="13687786433" visible="true" version="1" changeset="180566792" timestamp="2026-03-29T05:09:06Z" user="GlavkomLVO" uid="20150494" lat="12.5796188" lon="109.2452588"/>
 <node id="13687786434" visible="true" version="1" changeset="180566792" timestamp="2026-03-29T05:09:06Z" user="GlavkomLVO" uid="20150494" lat="12.5797665" lon="109.2453751"/>
 <node id="13687786435" visible="true" version="1" changeset="180566792" timestamp="2026-03-29T05:09:06Z" user="GlavkomLVO" uid="20150494" lat="12.5800712" lon="109.2454403"/>
 <node id="13687786436" visible="true" version="1" changeset="180566792" timestamp="2026-03-29T05:09:06Z" user="GlavkomLVO" uid="20150494" lat="12.5803394" lon="109.2454989"/>
 <node id="13687786437" visible="true" version="1" changeset="180566792" timestamp="2026-03-29T05:09:06Z" user="GlavkomLVO" uid="20150494" lat="12.5807288" lon="109.2455015"/>
 <node id="13687786438" visible="true" version="1" changeset="180566792" timestamp="2026-03-29T05:09:06Z" user="GlavkomLVO" uid="20150494" lat="12.5809178" lon="109.2454277"/>
 <node id="13687786439" visible="true" version="1" changeset="180566792" timestamp="2026-03-29T05:09:06Z" user="GlavkomLVO" uid="20150494" lat="12.5813506" lon="109.2451356"/>
 <node id="13687786440" visible="true" version="1" changeset="180566792" timestamp="2026-03-29T05:09:06Z" user="GlavkomLVO" uid="20150494" lat="12.5816363" lon="109.2449923"/>
 <node id="13687786441" visible="true" version="1" changeset="180566792" timestamp="2026-03-29T05:09:06Z" user="GlavkomLVO" uid="20150494" lat="12.5818226" lon="109.2448501"/>
 <node id="13687786442" visible="true" version="1" changeset="180566792" timestamp="2026-03-29T05:09:06Z" user="GlavkomLVO" uid="20150494" lat="12.5819067" lon="109.2446925"/>
 <node id="13687786443" visible="true" version="1" changeset="180566792" timestamp="2026-03-29T05:09:06Z" user="GlavkomLVO" uid="20150494" lat="12.5820473" lon="109.2445204"/>
 <node id="13687786444" visible="true" version="1" changeset="180566792" timestamp="2026-03-29T05:09:06Z" user="GlavkomLVO" uid="20150494" lat="12.5820270" lon="109.2444095"/>
 <node id="13687786445" visible="true" version="1" changeset="180566792" timestamp="2026-03-29T05:09:06Z" user="GlavkomLVO" uid="20150494" lat="12.5820716" lon="109.2443595"/>
 <node id="13687786446" visible="true" version="1" changeset="180566792" timestamp="2026-03-29T05:09:06Z" user="GlavkomLVO" uid="20150494" lat="12.5823263" lon="109.2443282"/>
 <node id="13687786447" visible="true" version="1" changeset="180566792" timestamp="2026-03-29T05:09:06Z" user="GlavkomLVO" uid="20150494" lat="12.5825728" lon="109.2442862"/>
 <node id="13687786448" visible="true" version="1" changeset="180566792" timestamp="2026-03-29T05:09:06Z" user="GlavkomLVO" uid="20150494" lat="12.5828064" lon="109.2442070"/>
 <node id="13687786449" visible="true" version="1" changeset="180566792" timestamp="2026-03-29T05:09:06Z" user="GlavkomLVO" uid="20150494" lat="12.5830991" lon="109.2441504"/>
 <node id="13687786450" visible="true" version="1" changeset="180566792" timestamp="2026-03-29T05:09:06Z" user="GlavkomLVO" uid="20150494" lat="12.5835320" lon="109.2441155"/>
 <node id="13687786451" visible="true" version="1" changeset="180566792" timestamp="2026-03-29T05:09:06Z" user="GlavkomLVO" uid="20150494" lat="12.5835640" lon="109.2442416"/>
 <node id="13687786452" visible="true" version="1" changeset="180566792" timestamp="2026-03-29T05:09:06Z" user="GlavkomLVO" uid="20150494" lat="12.5838331" lon="109.2445988"/>
 <node id="13687786453" visible="true" version="1" changeset="180566792" timestamp="2026-03-29T05:09:06Z" user="GlavkomLVO" uid="20150494" lat="12.5845045" lon="109.2443596"/>
 <node id="13687786454" visible="true" version="1" changeset="180566792" timestamp="2026-03-29T05:09:06Z" user="GlavkomLVO" uid="20150494" lat="12.5852034" lon="109.2441294"/>
 <node id="13687786455" visible="true" version="1" changeset="180566792" timestamp="2026-03-29T05:09:06Z" user="GlavkomLVO" uid="20150494" lat="12.5853881" lon="109.2440331"/>
 <node id="13687786456" visible="true" version="1" changeset="180566792" timestamp="2026-03-29T05:09:06Z" user="GlavkomLVO" uid="20150494" lat="12.5854916" lon="109.2439270"/>
 <node id="13687786457" visible="true" version="1" changeset="180566792" timestamp="2026-03-29T05:09:06Z" user="GlavkomLVO" uid="20150494" lat="12.5855224" lon="109.2438822"/>
 <node id="13687786458" visible="true" version="1" changeset="180566792" timestamp="2026-03-29T05:09:06Z" user="GlavkomLVO" uid="20150494" lat="12.5855017" lon="109.2438480"/>
 <node id="13687786459" visible="true" version="1" changeset="180566792" timestamp="2026-03-29T05:09:06Z" user="GlavkomLVO" uid="20150494" lat="12.5855106" lon="109.2438297"/>
 <node id="13687786460" visible="true" version="1" changeset="180566792" timestamp="2026-03-29T05:09:06Z" user="GlavkomLVO" uid="20150494" lat="12.5855238" lon="109.2437973"/>
 <node id="13687786461" visible="true" version="1" changeset="180566792" timestamp="2026-03-29T05:09:06Z" user="GlavkomLVO" uid="20150494" lat="12.5855382" lon="109.2438297"/>
 <node id="13687786462" visible="true" version="1" changeset="180566792" timestamp="2026-03-29T05:09:06Z" user="GlavkomLVO" uid="20150494" lat="12.5855754" lon="109.2438141"/>
 <node id="13687786463" visible="true" version="1" changeset="180566792" timestamp="2026-03-29T05:09:06Z" user="GlavkomLVO" uid="20150494" lat="12.5855994" lon="109.2438022"/>
 <node id="13687786464" visible="true" version="1" changeset="180566792" timestamp="2026-03-29T05:09:06Z" user="GlavkomLVO" uid="20150494" lat="12.5856205" lon="109.2437674"/>
 <node id="13687786465" visible="true" version="1" changeset="180566792" timestamp="2026-03-29T05:09:06Z" user="GlavkomLVO" uid="20150494" lat="12.5856339" lon="109.2437214"/>
 <node id="13687786466" visible="true" version="1" changeset="180566792" timestamp="2026-03-29T05:09:06Z" user="GlavkomLVO" uid="20150494" lat="12.5856412" lon="109.2436634"/>
 <node id="13687786467" visible="true" version="1" changeset="180566792" timestamp="2026-03-29T05:09:06Z" user="GlavkomLVO" uid="20150494" lat="12.5856519" lon="109.2435894"/>
 <node id="13687786468" visible="true" version="1" changeset="180566792" timestamp="2026-03-29T05:09:06Z" user="GlavkomLVO" uid="20150494" lat="12.5856780" lon="109.2436751"/>
 <node id="13687786469" visible="true" version="1" changeset="180566792" timestamp="2026-03-29T05:09:06Z" user="GlavkomLVO" uid="20150494" lat="12.5857010" lon="109.2437121"/>
 <node id="13687786470" visible="true" version="1" changeset="180566792" timestamp="2026-03-29T05:09:06Z" user="GlavkomLVO" uid="20150494" lat="12.5857329" lon="109.2437204"/>
 <node id="13687786471" visible="true" version="1" changeset="180566792" timestamp="2026-03-29T05:09:06Z" user="GlavkomLVO" uid="20150494" lat="12.5858044" lon="109.2436993"/>
 <node id="13687786472" visible="true" version="1" changeset="180566792" timestamp="2026-03-29T05:09:06Z" user="GlavkomLVO" uid="20150494" lat="12.5858103" lon="109.2436472"/>
 <node id="13687786473" visible="true" version="1" changeset="180566792" timestamp="2026-03-29T05:09:06Z" user="GlavkomLVO" uid="20150494" lat="12.5858216" lon="109.2436181"/>
 <node id="13687786474" visible="true" version="1" changeset="180566792" timestamp="2026-03-29T05:09:06Z" user="GlavkomLVO" uid="20150494" lat="12.5858479" lon="109.2435984"/>
 <node id="13687786475" visible="true" version="1" changeset="180566792" timestamp="2026-03-29T05:09:06Z" user="GlavkomLVO" uid="20150494" lat="12.5858776" lon="109.2435687"/>
 <node id="13687786476" visible="true" version="1" changeset="180566792" timestamp="2026-03-29T05:09:06Z" user="GlavkomLVO" uid="20150494" lat="12.5858836" lon="109.2435336"/>
 <node id="13687786477" visible="true" version="1" changeset="180566792" timestamp="2026-03-29T05:09:06Z" user="GlavkomLVO" uid="20150494" lat="12.5859391" lon="109.2434972"/>
 <node id="13687786478" visible="true" version="1" changeset="180566792" timestamp="2026-03-29T05:09:06Z" user="GlavkomLVO" uid="20150494" lat="12.5859918" lon="109.2435475"/>
 <node id="13687786479" visible="true" version="1" changeset="180566792" timestamp="2026-03-29T05:09:06Z" user="GlavkomLVO" uid="20150494" lat="12.5860222" lon="109.2435445"/>
 <node id="13687786480" visible="true" version="1" changeset="180566792" timestamp="2026-03-29T05:09:06Z" user="GlavkomLVO" uid="20150494" lat="12.5860833" lon="109.2434995"/>
 <node id="13687786481" visible="true" version="1" changeset="180566792" timestamp="2026-03-29T05:09:06Z" user="GlavkomLVO" uid="20150494" lat="12.5860939" lon="109.2434508"/>
 <node id="13687786482" visible="true" version="1" changeset="180566792" timestamp="2026-03-29T05:09:06Z" user="GlavkomLVO" uid="20150494" lat="12.5861310" lon="109.2434598"/>
 <node id="13687786483" visible="true" version="1" changeset="180566792" timestamp="2026-03-29T05:09:06Z" user="GlavkomLVO" uid="20150494" lat="12.5861433" lon="109.2434298"/>
 <node id="13687786484" visible="true" version="1" changeset="180566792" timestamp="2026-03-29T05:09:06Z" user="GlavkomLVO" uid="20150494" lat="12.5861472" lon="109.2433993"/>
 <node id="13687786485" visible="true" version="1" changeset="180566792" timestamp="2026-03-29T05:09:06Z" user="GlavkomLVO" uid="20150494" lat="12.5861560" lon="109.2433762"/>
 <node id="13687786486" visible="true" version="1" changeset="180566792" timestamp="2026-03-29T05:09:06Z" user="GlavkomLVO" uid="20150494" lat="12.5861651" lon="109.2433792"/>
 <node id="13687786487" visible="true" version="1" changeset="180566792" timestamp="2026-03-29T05:09:06Z" user="GlavkomLVO" uid="20150494" lat="12.5861628" lon="109.2434065"/>
 <node id="13687786488" visible="true" version="1" changeset="180566792" timestamp="2026-03-29T05:09:06Z" user="GlavkomLVO" uid="20150494" lat="12.5861696" lon="109.2434344"/>
 <node id="13687786489" visible="true" version="1" changeset="180566792" timestamp="2026-03-29T05:09:06Z" user="GlavkomLVO" uid="20150494" lat="12.5861795" lon="109.2434341"/>
 <node id="13687786490" visible="true" version="1" changeset="180566792" timestamp="2026-03-29T05:09:06Z" user="GlavkomLVO" uid="20150494" lat="12.5861912" lon="109.2434092"/>
 <node id="13687786491" visible="true" version="1" changeset="180566792" timestamp="2026-03-29T05:09:06Z" user="GlavkomLVO" uid="20150494" lat="12.5862067" lon="109.2434021"/>
 <node id="13687786492" visible="true" version="1" changeset="180566792" timestamp="2026-03-29T05:09:06Z" user="GlavkomLVO" uid="20150494" lat="12.5862349" lon="109.2434082"/>
 <node id="13687786493" visible="true" version="1" changeset="180566792" timestamp="2026-03-29T05:09:06Z" user="GlavkomLVO" uid="20150494" lat="12.5862561" lon="109.2433909"/>
 <node id="13687786494" visible="true" version="1" changeset="180566792" timestamp="2026-03-29T05:09:06Z" user="GlavkomLVO" uid="20150494" lat="12.5862728" lon="109.2433615"/>
 <node id="13687786495" visible="true" version="1" changeset="180566792" timestamp="2026-03-29T05:09:06Z" user="GlavkomLVO" uid="20150494" lat="12.5862731" lon="109.2433032"/>
 <node id="13687786496" visible="true" version="1" changeset="180566792" timestamp="2026-03-29T05:09:06Z" user="GlavkomLVO" uid="20150494" lat="12.5862669" lon="109.2432012"/>
 <node id="13687786497" visible="true" version="1" changeset="180566792" timestamp="2026-03-29T05:09:06Z" user="GlavkomLVO" uid="20150494" lat="12.5862747" lon="109.2431793"/>
 <node id="13687786498" visible="true" version="1" changeset="180566792" timestamp="2026-03-29T05:09:06Z" user="GlavkomLVO" uid="20150494" lat="12.5862756" lon="109.2431674"/>
 <node id="13687786499" visible="true" version="1" changeset="180566792" timestamp="2026-03-29T05:09:06Z" user="GlavkomLVO" uid="20150494" lat="12.5862644" lon="109.2431568"/>
 <node id="13687786500" visible="true" version="1" changeset="180566792" timestamp="2026-03-29T05:09:06Z" user="GlavkomLVO" uid="20150494" lat="12.5862269" lon="109.2431246"/>
 <node id="13687786501" visible="true" version="1" changeset="180566792" timestamp="2026-03-29T05:09:06Z" user="GlavkomLVO" uid="20150494" lat="12.5862304" lon="109.2430853"/>
 <node id="13687786502" visible="true" version="1" changeset="180566792" timestamp="2026-03-29T05:09:06Z" user="GlavkomLVO" uid="20150494" lat="12.5862594" lon="109.2430903"/>
 <node id="13687786503" visible="true" version="1" changeset="180566792" timestamp="2026-03-29T05:09:06Z" user="GlavkomLVO" uid="20150494" lat="12.5862663" lon="109.2430715"/>
 <node id="13687786504" visible="true" version="1" changeset="180566792" timestamp="2026-03-29T05:09:06Z" user="GlavkomLVO" uid="20150494" lat="12.5862630" lon="109.2430463"/>
 <node id="13687786505" visible="true" version="1" changeset="180566792" timestamp="2026-03-29T05:09:06Z" user="GlavkomLVO" uid="20150494" lat="12.5862454" lon="109.2430263"/>
 <node id="13687786506" visible="true" version="1" changeset="180566792" timestamp="2026-03-29T05:09:06Z" user="GlavkomLVO" uid="20150494" lat="12.5862109" lon="109.2429844"/>
 <node id="13687786507" visible="true" version="1" changeset="180566792" timestamp="2026-03-29T05:09:06Z" user="GlavkomLVO" uid="20150494" lat="12.5862082" lon="109.2429435"/>
 <node id="13687786508" visible="true" version="1" changeset="180566792" timestamp="2026-03-29T05:09:06Z" user="GlavkomLVO" uid="20150494" lat="12.5861930" lon="109.2429253"/>
 <node id="13687786509" visible="true" version="1" changeset="180566792" timestamp="2026-03-29T05:09:06Z" user="GlavkomLVO" uid="20150494" lat="12.5862085" lon="109.2428979"/>
 <node id="13687786510" visible="true" version="1" changeset="180566792" timestamp="2026-03-29T05:09:06Z" user="GlavkomLVO" uid="20150494" lat="12.5862249" lon="109.2428896"/>
 <node id="13687786511" visible="true" version="1" changeset="180566792" timestamp="2026-03-29T05:09:06Z" user="GlavkomLVO" uid="20150494" lat="12.5862116" lon="109.2428479"/>
 <node id="13687786512" visible="true" version="1" changeset="180566792" timestamp="2026-03-29T05:09:06Z" user="GlavkomLVO" uid="20150494" lat="12.5862056" lon="109.2428031"/>
 <node id="13687786513" visible="true" version="1" changeset="180566792" timestamp="2026-03-29T05:09:06Z" user="GlavkomLVO" uid="20150494" lat="12.5862126" lon="109.2427223"/>
 <node id="13687786514" visible="true" version="1" changeset="180566792" timestamp="2026-03-29T05:09:06Z" user="GlavkomLVO" uid="20150494" lat="12.5861493" lon="109.2426427"/>
 <node id="13687786515" visible="true" version="1" changeset="180566792" timestamp="2026-03-29T05:09:06Z" user="GlavkomLVO" uid="20150494" lat="12.5861414" lon="109.2425515"/>
 <node id="13687786516" visible="true" version="1" changeset="180566792" timestamp="2026-03-29T05:09:06Z" user="GlavkomLVO" uid="20150494" lat="12.5861587" lon="109.2424849"/>
 <node id="13687786517" visible="true" version="1" changeset="180566792" timestamp="2026-03-29T05:09:06Z" user="GlavkomLVO" uid="20150494" lat="12.5861961" lon="109.2423884"/>
 <node id="13687786518" visible="true" version="1" changeset="180566792" timestamp="2026-03-29T05:09:06Z" user="GlavkomLVO" uid="20150494" lat="12.5862341" lon="109.2423336"/>
 <node id="13687786519" visible="true" version="1" changeset="180566792" timestamp="2026-03-29T05:09:06Z" user="GlavkomLVO" uid="20150494" lat="12.5863303" lon="109.2422532"/>
 <node id="13687786520" visible="true" version="1" changeset="180566792" timestamp="2026-03-29T05:09:06Z" user="GlavkomLVO" uid="20150494" lat="12.5863846" lon="109.2422155"/>
 <node id="13687786521" visible="true" version="1" changeset="180566792" timestamp="2026-03-29T05:09:06Z" user="GlavkomLVO" uid="20150494" lat="12.5864025" lon="109.2421254"/>
 <node id="13687786522" visible="true" version="1" changeset="180566792" timestamp="2026-03-29T05:09:06Z" user="GlavkomLVO" uid="20150494" lat="12.5865255" lon="109.2419725"/>
 <node id="13687786523" visible="true" version="1" changeset="180566792" timestamp="2026-03-29T05:09:06Z" user="GlavkomLVO" uid="20150494" lat="12.5867422" lon="109.2417188"/>
 <node id="13687786524" visible="true" version="1" changeset="180566792" timestamp="2026-03-29T05:09:06Z" user="GlavkomLVO" uid="20150494" lat="12.5869380" lon="109.2415302"/>
 <node id="13687786525" visible="true" version="1" changeset="180566792" timestamp="2026-03-29T05:09:06Z" user="GlavkomLVO" uid="20150494" lat="12.5870066" lon="109.2414390"/>
 <node id="13687786526" visible="true" version="1" changeset="180566792" timestamp="2026-03-29T05:09:06Z" user="GlavkomLVO" uid="20150494" lat="12.5871414" lon="109.2410459"/>
 <node id="13687786527" visible="true" version="1" changeset="180566792" timestamp="2026-03-29T05:09:06Z" user="GlavkomLVO" uid="20150494" lat="12.5871866" lon="109.2408626"/>
 <node id="13687786528" visible="true" version="1" changeset="180566792" timestamp="2026-03-29T05:09:06Z" user="GlavkomLVO" uid="20150494" lat="12.5872347" lon="109.2407969"/>
 <node id="13687786529" visible="true" version="1" changeset="180566792" timestamp="2026-03-29T05:09:06Z" user="GlavkomLVO" uid="20150494" lat="12.5873266" lon="109.2405809"/>
 <node id="13687786530" visible="true" version="1" changeset="180566792" timestamp="2026-03-29T05:09:06Z" user="GlavkomLVO" uid="20150494" lat="12.5873743" lon="109.2404311"/>
 <node id="13687786531" visible="true" version="1" changeset="180566792" timestamp="2026-03-29T05:09:06Z" user="GlavkomLVO" uid="20150494" lat="12.5874303" lon="109.2403511"/>
 <node id="13687786532" visible="true" version="1" changeset="180566792" timestamp="2026-03-29T05:09:06Z" user="GlavkomLVO" uid="20150494" lat="12.5875724" lon="109.2402079"/>
 <node id="13687786533" visible="true" version="1" changeset="180566792" timestamp="2026-03-29T05:09:06Z" user="GlavkomLVO" uid="20150494" lat="12.5876335" lon="109.2401378"/>
 <node id="13687786534" visible="true" version="1" changeset="180566792" timestamp="2026-03-29T05:09:06Z" user="GlavkomLVO" uid="20150494" lat="12.5877002" lon="109.2399397"/>
 <node id="13687786535" visible="true" version="1" changeset="180566792" timestamp="2026-03-29T05:09:06Z" user="GlavkomLVO" uid="20150494" lat="12.5877248" lon="109.2398358"/>
 <node id="13687786536" visible="true" version="1" changeset="180566792" timestamp="2026-03-29T05:09:06Z" user="GlavkomLVO" uid="20150494" lat="12.5877206" lon="109.2397831"/>
 <node id="13687786537" visible="true" version="1" changeset="180566792" timestamp="2026-03-29T05:09:06Z" user="GlavkomLVO" uid="20150494" lat="12.5877353" lon="109.2397363"/>
 <node id="13687786538" visible="true" version="1" changeset="180566792" timestamp="2026-03-29T05:09:06Z" user="GlavkomLVO" uid="20150494" lat="12.5877729" lon="109.2396774"/>
 <node id="13687786539" visible="true" version="1" changeset="180566792" timestamp="2026-03-29T05:09:06Z" user="GlavkomLVO" uid="20150494" lat="12.5877845" lon="109.2396160"/>
 <node id="13687786540" visible="true" version="1" changeset="180566792" timestamp="2026-03-29T05:09:06Z" user="GlavkomLVO" uid="20150494" lat="12.5878130" lon="109.2391032"/>
 <node id="13687786541" visible="true" version="1" changeset="180566792" timestamp="2026-03-29T05:09:06Z" user="GlavkomLVO" uid="20150494" lat="12.5879781" lon="109.2385484"/>
 <node id="13687786542" visible="true" version="1" changeset="180566792" timestamp="2026-03-29T05:09:06Z" user="GlavkomLVO" uid="20150494" lat="12.5879818" lon="109.2383825"/>
 <node id="13687786543" visible="true" version="1" changeset="180566792" timestamp="2026-03-29T05:09:06Z" user="GlavkomLVO" uid="20150494" lat="12.5879712" lon="109.2382034"/>
 <node id="13687786544" visible="true" version="1" changeset="180566792" timestamp="2026-03-29T05:09:06Z" user="GlavkomLVO" uid="20150494" lat="12.5879465" lon="109.2380940"/>
 <node id="13687786545" visible="true" version="1" changeset="180566792" timestamp="2026-03-29T05:09:06Z" user="GlavkomLVO" uid="20150494" lat="12.5879332" lon="109.2378386"/>
 <node id="13687786546" visible="true" version="1" changeset="180566792" timestamp="2026-03-29T05:09:06Z" user="GlavkomLVO" uid="20150494" lat="12.5879412" lon="109.2376833"/>
 <node id="13687786547" visible="true" version="1" changeset="180566792" timestamp="2026-03-29T05:09:06Z" user="GlavkomLVO" uid="20150494" lat="12.5879818" lon="109.2375507"/>
 <node id="13687786548" visible="true" version="1" changeset="180566792" timestamp="2026-03-29T05:09:06Z" user="GlavkomLVO" uid="20150494" lat="12.5880788" lon="109.2373947"/>
 <node id="13687786549" visible="true" version="1" changeset="180566792" timestamp="2026-03-29T05:09:06Z" user="GlavkomLVO" uid="20150494" lat="12.5881619" lon="109.2372372"/>
 <node id="13687786550" visible="true" version="1" changeset="180566792" timestamp="2026-03-29T05:09:06Z" user="GlavkomLVO" uid="20150494" lat="12.5881798" lon="109.2371806"/>
 <node id="13687786551" visible="true" version="1" changeset="180566792" timestamp="2026-03-29T05:09:06Z" user="GlavkomLVO" uid="20150494" lat="12.5882134" lon="109.2369606"/>
 <node id="13687786552" visible="true" version="1" changeset="180566792" timestamp="2026-03-29T05:09:06Z" user="GlavkomLVO" uid="20150494" lat="12.5882718" lon="109.2367824"/>
 <node id="13687786553" visible="true" version="1" changeset="180566792" timestamp="2026-03-29T05:09:06Z" user="GlavkomLVO" uid="20150494" lat="12.5883071" lon="109.2366345"/>
 <node id="13687786554" visible="true" version="1" changeset="180566792" timestamp="2026-03-29T05:09:06Z" user="GlavkomLVO" uid="20150494" lat="12.5883286" lon="109.2364464"/>
 <node id="13687786555" visible="true" version="1" changeset="180566792" timestamp="2026-03-29T05:09:06Z" user="GlavkomLVO" uid="20150494" lat="12.5883255" lon="109.2363339"/>
 <node id="13687786556" visible="true" version="1" changeset="180566792" timestamp="2026-03-29T05:09:06Z" user="GlavkomLVO" uid="20150494" lat="12.5883227" lon="109.2362568"/>
 <node id="13687786557" visible="true" version="1" changeset="180566792" timestamp="2026-03-29T05:09:06Z" user="GlavkomLVO" uid="20150494" lat="12.5883444" lon="109.2361313"/>
 <node id="13687786558" visible="true" version="1" changeset="180566792" timestamp="2026-03-29T05:09:06Z" user="GlavkomLVO" uid="20150494" lat="12.5884668" lon="109.2358546"/>
 <node id="13687786559" visible="true" version="1" changeset="180566792" timestamp="2026-03-29T05:09:06Z" user="GlavkomLVO" uid="20150494" lat="12.5885631" lon="109.2355906"/>
 <node id="13687786560" visible="true" version="1" changeset="180566792" timestamp="2026-03-29T05:09:06Z" user="GlavkomLVO" uid="20150494" lat="12.5886123" lon="109.2355867"/>
 <node id="13687786561" visible="true" version="1" changeset="180566792" timestamp="2026-03-29T05:09:06Z" user="GlavkomLVO" uid="20150494" lat="12.5886192" lon="109.2354425"/>
 <node id="13687786562" visible="true" version="1" changeset="180566792" timestamp="2026-03-29T05:09:06Z" user="GlavkomLVO" uid="20150494" lat="12.5885989" lon="109.2351871"/>
 <node id="13687786563" visible="true" version="1" changeset="180566792" timestamp="2026-03-29T05:09:06Z" user="GlavkomLVO" uid="20150494" lat="12.5885879" lon="109.2350422"/>
 <node id="13687786564" visible="true" version="1" changeset="180566792" timestamp="2026-03-29T05:09:06Z" user="GlavkomLVO" uid="20150494" lat="12.5885816" lon="109.2350112"/>
 <node id="13687786565" visible="true" version="1" changeset="180566792" timestamp="2026-03-29T05:09:06Z" user="GlavkomLVO" uid="20150494" lat="12.5885662" lon="109.2349943"/>
 <node id="13687786566" visible="true" version="1" changeset="180566792" timestamp="2026-03-29T05:09:06Z" user="GlavkomLVO" uid="20150494" lat="12.5885504" lon="109.2349831"/>
 <node id="13687786567" visible="true" version="1" changeset="180566792" timestamp="2026-03-29T05:09:06Z" user="GlavkomLVO" uid="20150494" lat="12.5885215" lon="109.2349701"/>
 <node id="13687786568" visible="true" version="1" changeset="180566792" timestamp="2026-03-29T05:09:06Z" user="GlavkomLVO" uid="20150494" lat="12.5882605" lon="109.2348276"/>
 <node id="13687786569" visible="true" version="1" changeset="180566792" timestamp="2026-03-29T05:09:06Z" user="GlavkomLVO" uid="20150494" lat="12.5882435" lon="109.2348833"/>
 <node id="13687786570" visible="true" version="1" changeset="180566792" timestamp="2026-03-29T05:09:06Z" user="GlavkomLVO" uid="20150494" lat="12.5882306" lon="109.2349171"/>
 <node id="13687786571" visible="true" version="1" changeset="180566792" timestamp="2026-03-29T05:09:06Z" user="GlavkomLVO" uid="20150494" lat="12.5882116" lon="109.2349371"/>
 <node id="13687786572" visible="true" version="1" changeset="180566792" timestamp="2026-03-29T05:09:06Z" user="GlavkomLVO" uid="20150494" lat="12.5881824" lon="109.2349501"/>
 <node id="13687786573" visible="true" version="1" changeset="180566792" timestamp="2026-03-29T05:09:06Z" user="GlavkomLVO" uid="20150494" lat="12.5880448" lon="109.2349584"/>
 <node id="13687786574" visible="true" version="1" changeset="180566792" timestamp="2026-03-29T05:09:06Z" user="GlavkomLVO" uid="20150494" lat="12.5879921" lon="109.2349731"/>
 <node id="13687786575" visible="true" version="1" changeset="180566792" timestamp="2026-03-29T05:09:06Z" user="GlavkomLVO" uid="20150494" lat="12.5878912" lon="109.2350013"/>
 <node id="13687786576" visible="true" version="1" changeset="180566792" timestamp="2026-03-29T05:09:06Z" user="GlavkomLVO" uid="20150494" lat="12.5874695" lon="109.2349997"/>
 <node id="13687786577" visible="true" version="1" changeset="180566792" timestamp="2026-03-29T05:09:06Z" user="GlavkomLVO" uid="20150494" lat="12.5874237" lon="109.2350133"/>
 <node id="13687786578" visible="true" version="1" changeset="180566792" timestamp="2026-03-29T05:09:06Z" user="GlavkomLVO" uid="20150494" lat="12.5873836" lon="109.2350334"/>
 <node id="13687786579" visible="true" version="1" changeset="180566792" timestamp="2026-03-29T05:09:06Z" user="GlavkomLVO" uid="20150494" lat="12.5873251" lon="109.2350511"/>
 <node id="13687786580" visible="true" version="1" changeset="180566792" timestamp="2026-03-29T05:09:06Z" user="GlavkomLVO" uid="20150494" lat="12.5872934" lon="109.2350628"/>
 <node id="13687786581" visible="true" version="1" changeset="180566792" timestamp="2026-03-29T05:09:06Z" user="GlavkomLVO" uid="20150494" lat="12.5872704" lon="109.2350836"/>
 <node id="13687786582" visible="true" version="1" changeset="180566792" timestamp="2026-03-29T05:09:06Z" user="GlavkomLVO" uid="20150494" lat="12.5872640" lon="109.2351199"/>
 <node id="13687786583" visible="true" version="1" changeset="180566792" timestamp="2026-03-29T05:09:06Z" user="GlavkomLVO" uid="20150494" lat="12.5872668" lon="109.2351607"/>
 <node id="13687786584" visible="true" version="1" changeset="180566792" timestamp="2026-03-29T05:09:06Z" user="GlavkomLVO" uid="20150494" lat="12.5872791" lon="109.2352025"/>
 <node id="13687786585" visible="true" version="1" changeset="180566792" timestamp="2026-03-29T05:09:06Z" user="GlavkomLVO" uid="20150494" lat="12.5874435" lon="109.2354872"/>
 <node id="13687786586" visible="true" version="1" changeset="180566792" timestamp="2026-03-29T05:09:06Z" user="GlavkomLVO" uid="20150494" lat="12.5874516" lon="109.2355127"/>
 <node id="13687786587" visible="true" version="1" changeset="180566792" timestamp="2026-03-29T05:09:06Z" user="GlavkomLVO" uid="20150494" lat="12.5874465" lon="109.2355328"/>
 <node id="13687786588" visible="true" version="1" changeset="180566792" timestamp="2026-03-29T05:09:06Z" user="GlavkomLVO" uid="20150494" lat="12.5874355" lon="109.2355535"/>
 <node id="13687786589" visible="true" version="1" changeset="180566792" timestamp="2026-03-29T05:09:06Z" user="GlavkomLVO" uid="20150494" lat="12.5873893" lon="109.2355755"/>
 <node id="13687786590" visible="true" version="1" changeset="180566792" timestamp="2026-03-29T05:09:06Z" user="GlavkomLVO" uid="20150494" lat="12.5873656" lon="109.2355702"/>
 <node id="13687786591" visible="true" version="1" changeset="180566792" timestamp="2026-03-29T05:09:06Z" user="GlavkomLVO" uid="20150494" lat="12.5873372" lon="109.2355546"/>
 <node id="13687786592" visible="true" version="1" changeset="180566792" timestamp="2026-03-29T05:09:06Z" user="GlavkomLVO" uid="20150494" lat="12.5873149" lon="109.2355338"/>
 <node id="13687786593" visible="true" version="1" changeset="180566792" timestamp="2026-03-29T05:09:06Z" user="GlavkomLVO" uid="20150494" lat="12.5872774" lon="109.2354672"/>
 <node id="13687786594" visible="true" version="1" changeset="180566792" timestamp="2026-03-29T05:09:06Z" user="GlavkomLVO" uid="20150494" lat="12.5871939" lon="109.2353093"/>
 <node id="13687786595" visible="true" version="1" changeset="180566792" timestamp="2026-03-29T05:09:06Z" user="GlavkomLVO" uid="20150494" lat="12.5871095" lon="109.2352168"/>
 <node id="13687786596" visible="true" version="1" changeset="180566792" timestamp="2026-03-29T05:09:06Z" user="GlavkomLVO" uid="20150494" lat="12.5870132" lon="109.2351088"/>
 <node id="13687786597" visible="true" version="1" changeset="180566792" timestamp="2026-03-29T05:09:06Z" user="GlavkomLVO" uid="20150494" lat="12.5869560" lon="109.2350927"/>
 <node id="13687786598" visible="true" version="1" changeset="180566792" timestamp="2026-03-29T05:09:06Z" user="GlavkomLVO" uid="20150494" lat="12.5868857" lon="109.2350853"/>
 <node id="13687786599" visible="true" version="1" changeset="180566792" timestamp="2026-03-29T05:09:06Z" user="GlavkomLVO" uid="20150494" lat="12.5868113" lon="109.2350896"/>
 <node id="13687786600" visible="true" version="1" changeset="180566792" timestamp="2026-03-29T05:09:06Z" user="GlavkomLVO" uid="20150494" lat="12.5867706" lon="109.2350988"/>
 <node id="13687786601" visible="true" version="1" changeset="180566792" timestamp="2026-03-29T05:09:06Z" user="GlavkomLVO" uid="20150494" lat="12.5867000" lon="109.2351377"/>
 <node id="13687786602" visible="true" version="1" changeset="180566792" timestamp="2026-03-29T05:09:06Z" user="GlavkomLVO" uid="20150494" lat="12.5865667" lon="109.2351751"/>
 <node id="13687786603" visible="true" version="1" changeset="180566792" timestamp="2026-03-29T05:09:06Z" user="GlavkomLVO" uid="20150494" lat="12.5862439" lon="109.2352688"/>
 <node id="13687786604" visible="true" version="1" changeset="180566792" timestamp="2026-03-29T05:09:06Z" user="GlavkomLVO" uid="20150494" lat="12.5860804" lon="109.2353275"/>
 <node id="13687786605" visible="true" version="1" changeset="180566792" timestamp="2026-03-29T05:09:06Z" user="GlavkomLVO" uid="20150494" lat="12.5860099" lon="109.2353596"/>
 <node id="13687786606" visible="true" version="1" changeset="180566792" timestamp="2026-03-29T05:09:06Z" user="GlavkomLVO" uid="20150494" lat="12.5859867" lon="109.2353908"/>
 <node id="13687786607" visible="true" version="1" changeset="180566792" timestamp="2026-03-29T05:09:06Z" user="GlavkomLVO" uid="20150494" lat="12.5859693" lon="109.2353610"/>
 <node id="13687786608" visible="true" version="1" changeset="180566792" timestamp="2026-03-29T05:09:06Z" user="GlavkomLVO" uid="20150494" lat="12.5859539" lon="109.2352894"/>
 <node id="13687786609" visible="true" version="1" changeset="180566792" timestamp="2026-03-29T05:09:06Z" user="GlavkomLVO" uid="20150494" lat="12.5859594" lon="109.2352223"/>
 <node id="13687786610" visible="true" version="1" changeset="180566792" timestamp="2026-03-29T05:09:06Z" user="GlavkomLVO" uid="20150494" lat="12.5859787" lon="109.2352052"/>
 <node id="13687786611" visible="true" version="1" changeset="180566792" timestamp="2026-03-29T05:09:06Z" user="GlavkomLVO" uid="20150494" lat="12.5861308" lon="109.2351859"/>
 <node id="13687786612" visible="true" version="1" changeset="180566792" timestamp="2026-03-29T05:09:06Z" user="GlavkomLVO" uid="20150494" lat="12.5862172" lon="109.2351646"/>
 <node id="13687786613" visible="true" version="1" changeset="180566792" timestamp="2026-03-29T05:09:06Z" user="GlavkomLVO" uid="20150494" lat="12.5863084" lon="109.2351247"/>
 <node id="13687786614" visible="true" version="1" changeset="180566792" timestamp="2026-03-29T05:09:06Z" user="GlavkomLVO" uid="20150494" lat="12.5863747" lon="109.2350741"/>
 <node id="13687786615" visible="true" version="1" changeset="180566792" timestamp="2026-03-29T05:09:06Z" user="GlavkomLVO" uid="20150494" lat="12.5864076" lon="109.2350179"/>
 <node id="13687786616" visible="true" version="1" changeset="180566792" timestamp="2026-03-29T05:09:06Z" user="GlavkomLVO" uid="20150494" lat="12.5864578" lon="109.2350689"/>
 <node id="13687786617" visible="true" version="1" changeset="180566792" timestamp="2026-03-29T05:09:06Z" user="GlavkomLVO" uid="20150494" lat="12.5865459" lon="109.2350545"/>
 <node id="13687786618" visible="true" version="1" changeset="180566792" timestamp="2026-03-29T05:09:06Z" user="GlavkomLVO" uid="20150494" lat="12.5866555" lon="109.2350185"/>
 <node id="13687786619" visible="true" version="1" changeset="180566792" timestamp="2026-03-29T05:09:06Z" user="GlavkomLVO" uid="20150494" lat="12.5867574" lon="109.2349964"/>
 <node id="13687786620" visible="true" version="1" changeset="180566792" timestamp="2026-03-29T05:09:06Z" user="GlavkomLVO" uid="20150494" lat="12.5868184" lon="109.2350103"/>
 <node id="13687786621" visible="true" version="1" changeset="180566792" timestamp="2026-03-29T05:09:06Z" user="GlavkomLVO" uid="20150494" lat="12.5868803" lon="109.2349857"/>
 <node id="13687786622" visible="true" version="1" changeset="180566792" timestamp="2026-03-29T05:09:06Z" user="GlavkomLVO" uid="20150494" lat="12.5869323" lon="109.2349451"/>
 <node id="13687786623" visible="true" version="1" changeset="180566792" timestamp="2026-03-29T05:09:06Z" user="GlavkomLVO" uid="20150494" lat="12.5869595" lon="109.2348811"/>
 <node id="13687786624" visible="true" version="1" changeset="180566792" timestamp="2026-03-29T05:09:06Z" user="GlavkomLVO" uid="20150494" lat="12.5869692" lon="109.2347691"/>
 <node id="13687786625" visible="true" version="1" changeset="180566792" timestamp="2026-03-29T05:09:06Z" user="GlavkomLVO" uid="20150494" lat="12.5869754" lon="109.2347029"/>
 <node id="13687786626" visible="true" version="1" changeset="180566792" timestamp="2026-03-29T05:09:06Z" user="GlavkomLVO" uid="20150494" lat="12.5869467" lon="109.2346199"/>
 <node id="13687786627" visible="true" version="1" changeset="180566792" timestamp="2026-03-29T05:09:06Z" user="GlavkomLVO" uid="20150494" lat="12.5869095" lon="109.2345828"/>
 <node id="13687786628" visible="true" version="1" changeset="180566792" timestamp="2026-03-29T05:09:06Z" user="GlavkomLVO" uid="20150494" lat="12.5866289" lon="109.2344471"/>
 <node id="13687786629" visible="true" version="1" changeset="180566792" timestamp="2026-03-29T05:09:06Z" user="GlavkomLVO" uid="20150494" lat="12.5864411" lon="109.2342802"/>
 <node id="13687786630" visible="true" version="1" changeset="180566792" timestamp="2026-03-29T05:09:06Z" user="GlavkomLVO" uid="20150494" lat="12.5865719" lon="109.2338055"/>
 <node id="13687786631" visible="true" version="1" changeset="180566792" timestamp="2026-03-29T05:09:06Z" user="GlavkomLVO" uid="20150494" lat="12.5866390" lon="109.2338305"/>
 <node id="13687786632" visible="true" version="1" changeset="180566792" timestamp="2026-03-29T05:09:06Z" user="GlavkomLVO" uid="20150494" lat="12.5865228" lon="109.2342256"/>
 <node id="13687786633" visible="true" version="1" changeset="180566792" timestamp="2026-03-29T05:09:06Z" user="GlavkomLVO" uid="20150494" lat="12.5866253" lon="109.2343123"/>
 <node id="13687786634" visible="true" version="1" changeset="180566792" timestamp="2026-03-29T05:09:06Z" user="GlavkomLVO" uid="20150494" lat="12.5869732" lon="109.2344780"/>
 <node id="13687786635" visible="true" version="1" changeset="180566792" timestamp="2026-03-29T05:09:06Z" user="GlavkomLVO" uid="20150494" lat="12.5871078" lon="109.2345951"/>
 <node id="13687786636" visible="true" version="1" changeset="180566792" timestamp="2026-03-29T05:09:06Z" user="GlavkomLVO" uid="20150494" lat="12.5871854" lon="109.2346344"/>
 <node id="13687786637" visible="true" version="1" changeset="180566792" timestamp="2026-03-29T05:09:06Z" user="GlavkomLVO" uid="20150494" lat="12.5872114" lon="109.2346371"/>
 <node id="13687786638" visible="true" version="1" changeset="180566792" timestamp="2026-03-29T05:09:06Z" user="GlavkomLVO" uid="20150494" lat="12.5872311" lon="109.2346308"/>
 <node id="13687786639" visible="true" version="1" changeset="180566792" timestamp="2026-03-29T05:09:06Z" user="GlavkomLVO" uid="20150494" lat="12.5872495" lon="109.2345995"/>
 <node id="13687786640" visible="true" version="1" changeset="180566792" timestamp="2026-03-29T05:09:06Z" user="GlavkomLVO" uid="20150494" lat="12.5872906" lon="109.2344776"/>
 <node id="13687786641" visible="true" version="1" changeset="180566792" timestamp="2026-03-29T05:09:06Z" user="GlavkomLVO" uid="20150494" lat="12.5874292" lon="109.2342698"/>
 <node id="13687786642" visible="true" version="1" changeset="180566792" timestamp="2026-03-29T05:09:06Z" user="GlavkomLVO" uid="20150494" lat="12.5876237" lon="109.2338938"/>
 <node id="13687786643" visible="true" version="1" changeset="180566792" timestamp="2026-03-29T05:09:06Z" user="GlavkomLVO" uid="20150494" lat="12.5876587" lon="109.2338667"/>
 <node id="13687786644" visible="true" version="1" changeset="180566792" timestamp="2026-03-29T05:09:06Z" user="GlavkomLVO" uid="20150494" lat="12.5876950" lon="109.2338553"/>
 <node id="13687786645" visible="true" version="1" changeset="180566792" timestamp="2026-03-29T05:09:06Z" user="GlavkomLVO" uid="20150494" lat="12.5877245" lon="109.2338608"/>
 <node id="13687786646" visible="true" version="1" changeset="180566792" timestamp="2026-03-29T05:09:06Z" user="GlavkomLVO" uid="20150494" lat="12.5877601" lon="109.2338920"/>
 <node id="13687786647" visible="true" version="1" changeset="180566792" timestamp="2026-03-29T05:09:06Z" user="GlavkomLVO" uid="20150494" lat="12.5878148" lon="109.2339340"/>
 <node id="13687786648" visible="true" version="1" changeset="180566792" timestamp="2026-03-29T05:09:06Z" user="GlavkomLVO" uid="20150494" lat="12.5879751" lon="109.2340257"/>
 <node id="13687786649" visible="true" version="1" changeset="180566792" timestamp="2026-03-29T05:09:06Z" user="GlavkomLVO" uid="20150494" lat="12.5880208" lon="109.2340367"/>
 <node id="13687786650" visible="true" version="1" changeset="180566792" timestamp="2026-03-29T05:09:06Z" user="GlavkomLVO" uid="20150494" lat="12.5881536" lon="109.2340351"/>
 <node id="13687786651" visible="true" version="1" changeset="180566792" timestamp="2026-03-29T05:09:06Z" user="GlavkomLVO" uid="20150494" lat="12.5885509" lon="109.2340251"/>
 <node id="13687786652" visible="true" version="1" changeset="180566792" timestamp="2026-03-29T05:09:06Z" user="GlavkomLVO" uid="20150494" lat="12.5887279" lon="109.2340131"/>
 <node id="13687786653" visible="true" version="1" changeset="180566792" timestamp="2026-03-29T05:09:06Z" user="GlavkomLVO" uid="20150494" lat="12.5888880" lon="109.2340305"/>
 <node id="13687786654" visible="true" version="1" changeset="180566792" timestamp="2026-03-29T05:09:06Z" user="GlavkomLVO" uid="20150494" lat="12.5889850" lon="109.2340171"/>
 <node id="13687786655" visible="true" version="1" changeset="180566792" timestamp="2026-03-29T05:09:06Z" user="GlavkomLVO" uid="20150494" lat="12.5891985" lon="109.2339680"/>
 <node id="13687786656" visible="true" version="1" changeset="180566792" timestamp="2026-03-29T05:09:06Z" user="GlavkomLVO" uid="20150494" lat="12.5894212" lon="109.2338831"/>
 <node id="13687786657" visible="true" version="1" changeset="180566792" timestamp="2026-03-29T05:09:06Z" user="GlavkomLVO" uid="20150494" lat="12.5895692" lon="109.2338250"/>
 <node id="13687786658" visible="true" version="1" changeset="180566792" timestamp="2026-03-29T05:09:06Z" user="GlavkomLVO" uid="20150494" lat="12.5897468" lon="109.2337742"/>
 <node id="13687786659" visible="true" version="1" changeset="180566792" timestamp="2026-03-29T05:09:06Z" user="GlavkomLVO" uid="20150494" lat="12.5898715" lon="109.2337258"/>
 <node id="13687786660" visible="true" version="1" changeset="180566792" timestamp="2026-03-29T05:09:06Z" user="GlavkomLVO" uid="20150494" lat="12.5900696" lon="109.2335955"/>
 <node id="13687786661" visible="true" version="1" changeset="180566792" timestamp="2026-03-29T05:09:06Z" user="GlavkomLVO" uid="20150494" lat="12.5901668" lon="109.2335051"/>
 <node id="13687786662" visible="true" version="1" changeset="180566792" timestamp="2026-03-29T05:09:06Z" user="GlavkomLVO" uid="20150494" lat="12.5901683" lon="109.2332851"/>
 <node id="13687786663" visible="true" version="1" changeset="180566792" timestamp="2026-03-29T05:09:06Z" user="GlavkomLVO" uid="20150494" lat="12.5901579" lon="109.2332218"/>
 <node id="13687786664" visible="true" version="1" changeset="180566792" timestamp="2026-03-29T05:09:06Z" user="GlavkomLVO" uid="20150494" lat="12.5902472" lon="109.2331426"/>
 <node id="13687786665" visible="true" version="1" changeset="180566792" timestamp="2026-03-29T05:09:06Z" user="GlavkomLVO" uid="20150494" lat="12.5902975" lon="109.2331027"/>
 <node id="13687786666" visible="true" version="1" changeset="180566792" timestamp="2026-03-29T05:09:06Z" user="GlavkomLVO" uid="20150494" lat="12.5903769" lon="109.2330711"/>
 <node id="13687786667" visible="true" version="1" changeset="180566792" timestamp="2026-03-29T05:09:06Z" user="GlavkomLVO" uid="20150494" lat="12.5904315" lon="109.2330499"/>
 <node id="13687786668" visible="true" version="1" changeset="180566792" timestamp="2026-03-29T05:09:06Z" user="GlavkomLVO" uid="20150494" lat="12.5906384" lon="109.2330863"/>
 <node id="13687786669" visible="true" version="1" changeset="180566792" timestamp="2026-03-29T05:09:06Z" user="GlavkomLVO" uid="20150494" lat="12.5907803" lon="109.2331118"/>
 <node id="13687786670" visible="true" version="1" changeset="180566792" timestamp="2026-03-29T05:09:06Z" user="GlavkomLVO" uid="20150494" lat="12.5908470" lon="109.2331891"/>
 <node id="13687786671" visible="true" version="1" changeset="180566792" timestamp="2026-03-29T05:09:06Z" user="GlavkomLVO" uid="20150494" lat="12.5909371" lon="109.2332447"/>
 <node id="13687786672" visible="true" version="1" changeset="180566792" timestamp="2026-03-29T05:09:06Z" user="GlavkomLVO" uid="20150494" lat="12.5910249" lon="109.2333452"/>
 <node id="13687786673" visible="true" version="1" changeset="180566792" timestamp="2026-03-29T05:09:06Z" user="GlavkomLVO" uid="20150494" lat="12.5910377" lon="109.2333219"/>
 <node id="13687786674" visible="true" version="1" changeset="180566792" timestamp="2026-03-29T05:09:06Z" user="GlavkomLVO" uid="20150494" lat="12.5910475" lon="109.2332913"/>
 <node id="13687786675" visible="true" version="1" changeset="180566792" timestamp="2026-03-29T05:09:06Z" user="GlavkomLVO" uid="20150494" lat="12.5910687" lon="109.2332935"/>
 <node id="13687786676" visible="true" version="1" changeset="180566792" timestamp="2026-03-29T05:09:06Z" user="GlavkomLVO" uid="20150494" lat="12.5911172" lon="109.2333194"/>
 <node id="13687786677" visible="true" version="1" changeset="180566792" timestamp="2026-03-29T05:09:06Z" user="GlavkomLVO" uid="20150494" lat="12.5912234" lon="109.2334362"/>
 <node id="13687786678" visible="true" version="1" changeset="180566792" timestamp="2026-03-29T05:09:06Z" user="GlavkomLVO" uid="20150494" lat="12.5914962" lon="109.2335739"/>
 <node id="13687786679" visible="true" version="1" changeset="180566792" timestamp="2026-03-29T05:09:06Z" user="GlavkomLVO" uid="20150494" lat="12.5918357" lon="109.2336949"/>
 <node id="13687786680" visible="true" version="1" changeset="180566792" timestamp="2026-03-29T05:09:06Z" user="GlavkomLVO" uid="20150494" lat="12.5920534" lon="109.2336120"/>
 <node id="13687786681" visible="true" version="1" changeset="180566792" timestamp="2026-03-29T05:09:06Z" user="GlavkomLVO" uid="20150494" lat="12.5925857" lon="109.2338210"/>
 <node id="13687786682" visible="true" version="1" changeset="180566792" timestamp="2026-03-29T05:09:06Z" user="GlavkomLVO" uid="20150494" lat="12.5930103" lon="109.2339497"/>
 <node id="13687786683" visible="true" version="1" changeset="180566792" timestamp="2026-03-29T05:09:06Z" user="GlavkomLVO" uid="20150494" lat="12.5934931" lon="109.2337438"/>
 <node id="13687786684" visible="true" version="1" changeset="180566792" timestamp="2026-03-29T05:09:06Z" user="GlavkomLVO" uid="20150494" lat="12.5935379" lon="109.2335639"/>
 <node id="13687786685" visible="true" version="1" changeset="180566792" timestamp="2026-03-29T05:09:06Z" user="GlavkomLVO" uid="20150494" lat="12.5935069" lon="109.2335144"/>
 <node id="13687786686" visible="true" version="1" changeset="180566792" timestamp="2026-03-29T05:09:06Z" user="GlavkomLVO" uid="20150494" lat="12.5934137" lon="109.2334516"/>
 <node id="13687786687" visible="true" version="1" changeset="180566792" timestamp="2026-03-29T05:09:06Z" user="GlavkomLVO" uid="20150494" lat="12.5934400" lon="109.2334113"/>
 <node id="13687786688" visible="true" version="1" changeset="180566792" timestamp="2026-03-29T05:09:06Z" user="GlavkomLVO" uid="20150494" lat="12.5933862" lon="109.2332897"/>
 <node id="13687786689" visible="true" version="1" changeset="180566792" timestamp="2026-03-29T05:09:06Z" user="GlavkomLVO" uid="20150494" lat="12.5933380" lon="109.2331377"/>
 <node id="13687786690" visible="true" version="1" changeset="180566792" timestamp="2026-03-29T05:09:06Z" user="GlavkomLVO" uid="20150494" lat="12.5932800" lon="109.2330264"/>
 <node id="13687786691" visible="true" version="1" changeset="180566792" timestamp="2026-03-29T05:09:06Z" user="GlavkomLVO" uid="20150494" lat="12.5932338" lon="109.2329845"/>
 <node id="13687786692" visible="true" version="1" changeset="180566792" timestamp="2026-03-29T05:09:06Z" user="GlavkomLVO" uid="20150494" lat="12.5932428" lon="109.2329374"/>
 <node id="13687786693" visible="true" version="1" changeset="180566792" timestamp="2026-03-29T05:09:06Z" user="GlavkomLVO" uid="20150494" lat="12.5933250" lon="109.2327868"/>
 <node id="13687786694" visible="true" version="1" changeset="180566792" timestamp="2026-03-29T05:09:06Z" user="GlavkomLVO" uid="20150494" lat="12.5934147" lon="109.2326153"/>
 <node id="13687786695" visible="true" version="1" changeset="180566792" timestamp="2026-03-29T05:09:06Z" user="GlavkomLVO" uid="20150494" lat="12.5934597" lon="109.2325260"/>
 <node id="13687786696" visible="true" version="1" changeset="180566792" timestamp="2026-03-29T05:09:06Z" user="GlavkomLVO" uid="20150494" lat="12.5934701" lon="109.2324955"/>
 <node id="13687786697" visible="true" version="1" changeset="180566792" timestamp="2026-03-29T05:09:06Z" user="GlavkomLVO" uid="20150494" lat="12.5934693" lon="109.2324317"/>
 <node id="13687786698" visible="true" version="1" changeset="180566792" timestamp="2026-03-29T05:09:06Z" user="GlavkomLVO" uid="20150494" lat="12.5934137" lon="109.2321412"/>
 <node id="13687786699" visible="true" version="1" changeset="180566792" timestamp="2026-03-29T05:09:06Z" user="GlavkomLVO" uid="20150494" lat="12.5933979" lon="109.2319882"/>
 <node id="13687786700" visible="true" version="1" changeset="180566792" timestamp="2026-03-29T05:09:06Z" user="GlavkomLVO" uid="20150494" lat="12.5933912" lon="109.2319101"/>
 <node id="13687786701" visible="true" version="1" changeset="180566792" timestamp="2026-03-29T05:09:06Z" user="GlavkomLVO" uid="20150494" lat="12.5933186" lon="109.2317762"/>
 <node id="13687786702" visible="true" version="1" changeset="180566792" timestamp="2026-03-29T05:09:06Z" user="GlavkomLVO" uid="20150494" lat="12.5933037" lon="109.2316805"/>
 <node id="13687786703" visible="true" version="1" changeset="180566792" timestamp="2026-03-29T05:09:06Z" user="GlavkomLVO" uid="20150494" lat="12.5932692" lon="109.2316309"/>
 <node id="13687786704" visible="true" version="1" changeset="180566792" timestamp="2026-03-29T05:09:06Z" user="GlavkomLVO" uid="20150494" lat="12.5932305" lon="109.2315580"/>
 <node id="13687786705" visible="true" version="1" changeset="180566792" timestamp="2026-03-29T05:09:06Z" user="GlavkomLVO" uid="20150494" lat="12.5932274" lon="109.2315224"/>
 <node id="13687786706" visible="true" version="1" changeset="180566792" timestamp="2026-03-29T05:09:06Z" user="GlavkomLVO" uid="20150494" lat="12.5931149" lon="109.2313577"/>
 <node id="13687786707" visible="true" version="1" changeset="180566792" timestamp="2026-03-29T05:09:06Z" user="GlavkomLVO" uid="20150494" lat="12.5929071" lon="109.2310059"/>
 <node id="13687786708" visible="true" version="1" changeset="180566792" timestamp="2026-03-29T05:09:06Z" user="GlavkomLVO" uid="20150494" lat="12.5928881" lon="109.2309448"/>
 <node id="13687786709" visible="true" version="1" changeset="180566792" timestamp="2026-03-29T05:09:06Z" user="GlavkomLVO" uid="20150494" lat="12.5928836" lon="109.2309026"/>
 <node id="13687786710" visible="true" version="1" changeset="180566792" timestamp="2026-03-29T05:09:06Z" user="GlavkomLVO" uid="20150494" lat="12.5927944" lon="109.2308250"/>
 <node id="13687786711" visible="true" version="1" changeset="180566792" timestamp="2026-03-29T05:09:06Z" user="GlavkomLVO" uid="20150494" lat="12.5927289" lon="109.2308011"/>
 <node id="13687786712" visible="true" version="1" changeset="180566792" timestamp="2026-03-29T05:09:06Z" user="GlavkomLVO" uid="20150494" lat="12.5927043" lon="109.2307973"/>
 <node id="13687786713" visible="true" version="1" changeset="180566792" timestamp="2026-03-29T05:09:06Z" user="GlavkomLVO" uid="20150494" lat="12.5926697" lon="109.2308356"/>
 <node id="13687786714" visible="true" version="1" changeset="180566792" timestamp="2026-03-29T05:09:06Z" user="GlavkomLVO" uid="20150494" lat="12.5924016" lon="109.2308447"/>
 <node id="13687786715" visible="true" version="1" changeset="180566792" timestamp="2026-03-29T05:09:06Z" user="GlavkomLVO" uid="20150494" lat="12.5923666" lon="109.2308124"/>
 <node id="13687786716" visible="true" version="1" changeset="180566792" timestamp="2026-03-29T05:09:06Z" user="GlavkomLVO" uid="20150494" lat="12.5923297" lon="109.2307611"/>
 <node id="13687786717" visible="true" version="1" changeset="180566792" timestamp="2026-03-29T05:09:06Z" user="GlavkomLVO" uid="20150494" lat="12.5923061" lon="109.2307114"/>
 <node id="13687786718" visible="true" version="1" changeset="180566792" timestamp="2026-03-29T05:09:06Z" user="GlavkomLVO" uid="20150494" lat="12.5922976" lon="109.2306686"/>
 <node id="13687786719" visible="true" version="1" changeset="180566792" timestamp="2026-03-29T05:09:06Z" user="GlavkomLVO" uid="20150494" lat="12.5922977" lon="109.2306122"/>
 <node id="13687786720" visible="true" version="1" changeset="180566792" timestamp="2026-03-29T05:09:06Z" user="GlavkomLVO" uid="20150494" lat="12.5923294" lon="109.2305836"/>
 <node id="13687786721" visible="true" version="1" changeset="180566792" timestamp="2026-03-29T05:09:06Z" user="GlavkomLVO" uid="20150494" lat="12.5923212" lon="109.2305667"/>
 <node id="13687786722" visible="true" version="1" changeset="180566792" timestamp="2026-03-29T05:09:06Z" user="GlavkomLVO" uid="20150494" lat="12.5923165" lon="109.2305446"/>
 <node id="13687786723" visible="true" version="1" changeset="180566792" timestamp="2026-03-29T05:09:06Z" user="GlavkomLVO" uid="20150494" lat="12.5923193" lon="109.2305155"/>
 <node id="13687786724" visible="true" version="1" changeset="180566792" timestamp="2026-03-29T05:09:06Z" user="GlavkomLVO" uid="20150494" lat="12.5923290" lon="109.2304676"/>
 <node id="13687786725" visible="true" version="1" changeset="180566792" timestamp="2026-03-29T05:09:06Z" user="GlavkomLVO" uid="20150494" lat="12.5923453" lon="109.2304270"/>
 <node id="13687786726" visible="true" version="1" changeset="180566792" timestamp="2026-03-29T05:09:06Z" user="GlavkomLVO" uid="20150494" lat="12.5925382" lon="109.2301560"/>
 <node id="13687786727" visible="true" version="1" changeset="180566792" timestamp="2026-03-29T05:09:06Z" user="GlavkomLVO" uid="20150494" lat="12.5926421" lon="109.2300494"/>
 <node id="13687786728" visible="true" version="1" changeset="180566792" timestamp="2026-03-29T05:09:06Z" user="GlavkomLVO" uid="20150494" lat="12.5928239" lon="109.2299337"/>
 <node id="13687786729" visible="true" version="1" changeset="180566792" timestamp="2026-03-29T05:09:06Z" user="GlavkomLVO" uid="20150494" lat="12.5934874" lon="109.2290653"/>
 <node id="13687786730" visible="true" version="1" changeset="180566792" timestamp="2026-03-29T05:09:06Z" user="GlavkomLVO" uid="20150494" lat="12.5935164" lon="109.2290079"/>
 <node id="13687786731" visible="true" version="1" changeset="180566792" timestamp="2026-03-29T05:09:06Z" user="GlavkomLVO" uid="20150494" lat="12.5935140" lon="109.2289180"/>
 <node id="13687786732" visible="true" version="1" changeset="180566792" timestamp="2026-03-29T05:09:06Z" user="GlavkomLVO" uid="20150494" lat="12.5934929" lon="109.2288965"/>
 <node id="13687786733" visible="true" version="1" changeset="180566792" timestamp="2026-03-29T05:09:06Z" user="GlavkomLVO" uid="20150494" lat="12.5934594" lon="109.2288750"/>
 <node id="13687786734" visible="true" version="1" changeset="180566792" timestamp="2026-03-29T05:09:06Z" user="GlavkomLVO" uid="20150494" lat="12.5934169" lon="109.2288727"/>
 <node id="13687786735" visible="true" version="1" changeset="180566792" timestamp="2026-03-29T05:09:06Z" user="GlavkomLVO" uid="20150494" lat="12.5933747" lon="109.2288741"/>
 <node id="13687786736" visible="true" version="1" changeset="180566792" timestamp="2026-03-29T05:09:06Z" user="GlavkomLVO" uid="20150494" lat="12.5933413" lon="109.2288928"/>
 <node id="13687786737" visible="true" version="1" changeset="180566792" timestamp="2026-03-29T05:09:06Z" user="GlavkomLVO" uid="20150494" lat="12.5933273" lon="109.2289158"/>
 <node id="13687786738" visible="true" version="1" changeset="180566792" timestamp="2026-03-29T05:09:06Z" user="GlavkomLVO" uid="20150494" lat="12.5932330" lon="109.2290880"/>
 <node id="13687786739" visible="true" version="1" changeset="180566792" timestamp="2026-03-29T05:09:06Z" user="GlavkomLVO" uid="20150494" lat="12.5929211" lon="109.2295116"/>
 <node id="13687786740" visible="true" version="1" changeset="180566792" timestamp="2026-03-29T05:09:06Z" user="GlavkomLVO" uid="20150494" lat="12.5926903" lon="109.2297913"/>
 <node id="13687786741" visible="true" version="1" changeset="180566792" timestamp="2026-03-29T05:09:06Z" user="GlavkomLVO" uid="20150494" lat="12.5925191" lon="109.2296802"/>
 <node id="13687786742" visible="true" version="1" changeset="180566792" timestamp="2026-03-29T05:09:06Z" user="GlavkomLVO" uid="20150494" lat="12.5923643" lon="109.2296293"/>
 <node id="13687786743" visible="true" version="1" changeset="180566792" timestamp="2026-03-29T05:09:06Z" user="GlavkomLVO" uid="20150494" lat="12.5922468" lon="109.2297874"/>
 <node id="13687786744" visible="true" version="1" changeset="180566792" timestamp="2026-03-29T05:09:06Z" user="GlavkomLVO" uid="20150494" lat="12.5907630" lon="109.2288100"/>
 <node id="13687786745" visible="true" version="1" changeset="180566792" timestamp="2026-03-29T05:09:06Z" user="GlavkomLVO" uid="20150494" lat="12.5907742" lon="109.2287912"/>
 <node id="13687786746" visible="true" version="1" changeset="180566792" timestamp="2026-03-29T05:09:06Z" user="GlavkomLVO" uid="20150494" lat="12.5905794" lon="109.2286567"/>
 <node id="13687786747" visible="true" version="1" changeset="180566792" timestamp="2026-03-29T05:09:06Z" user="GlavkomLVO" uid="20150494" lat="12.5905708" lon="109.2286674"/>
 <node id="13687786748" visible="true" version="1" changeset="180566792" timestamp="2026-03-29T05:09:06Z" user="GlavkomLVO" uid="20150494" lat="12.5905067" lon="109.2286255"/>
 <node id="13687786749" visible="true" version="1" changeset="180566792" timestamp="2026-03-29T05:09:06Z" user="GlavkomLVO" uid="20150494" lat="12.5904984" lon="109.2286355"/>
 <node id="13687786750" visible="true" version="1" changeset="180566792" timestamp="2026-03-29T05:09:06Z" user="GlavkomLVO" uid="20150494" lat="12.5904109" lon="109.2285784"/>
 <node id="13687786751" visible="true" version="1" changeset="180566792" timestamp="2026-03-29T05:09:06Z" user="GlavkomLVO" uid="20150494" lat="12.5904185" lon="109.2285667"/>
 <node id="13687786752" visible="true" version="1" changeset="180566792" timestamp="2026-03-29T05:09:06Z" user="GlavkomLVO" uid="20150494" lat="12.5903945" lon="109.2285473"/>
 <node id="13687786753" visible="true" version="1" changeset="180566792" timestamp="2026-03-29T05:09:06Z" user="GlavkomLVO" uid="20150494" lat="12.5903549" lon="109.2285669"/>
 <node id="13687786754" visible="true" version="1" changeset="180566792" timestamp="2026-03-29T05:09:06Z" user="GlavkomLVO" uid="20150494" lat="12.5903340" lon="109.2285822"/>
 <node id="13687786755" visible="true" version="1" changeset="180566792" timestamp="2026-03-29T05:09:06Z" user="GlavkomLVO" uid="20150494" lat="12.5903135" lon="109.2285754"/>
 <node id="13687786756" visible="true" version="1" changeset="180566792" timestamp="2026-03-29T05:09:06Z" user="GlavkomLVO" uid="20150494" lat="12.5903012" lon="109.2285616"/>
 <node id="13687786757" visible="true" version="1" changeset="180566792" timestamp="2026-03-29T05:09:06Z" user="GlavkomLVO" uid="20150494" lat="12.5902944" lon="109.2285485"/>
 <node id="13687786758" visible="true" version="1" changeset="180566792" timestamp="2026-03-29T05:09:06Z" user="GlavkomLVO" uid="20150494" lat="12.5902964" lon="109.2285308"/>
 <node id="13687786759" visible="true" version="1" changeset="180566792" timestamp="2026-03-29T05:09:06Z" user="GlavkomLVO" uid="20150494" lat="12.5906737" lon="109.2278262"/>
 <node id="13687786760" visible="true" version="1" changeset="180566792" timestamp="2026-03-29T05:09:06Z" user="GlavkomLVO" uid="20150494" lat="12.5906786" lon="109.2278023"/>
 <node id="13687786761" visible="true" version="1" changeset="180566792" timestamp="2026-03-29T05:09:06Z" user="GlavkomLVO" uid="20150494" lat="12.5906778" lon="109.2277734"/>
 <node id="13687786762" visible="true" version="1" changeset="180566792" timestamp="2026-03-29T05:09:06Z" user="GlavkomLVO" uid="20150494" lat="12.5906657" lon="109.2277474"/>
 <node id="13687786763" visible="true" version="1" changeset="180566792" timestamp="2026-03-29T05:09:06Z" user="GlavkomLVO" uid="20150494" lat="12.5906468" lon="109.2277278"/>
 <node id="13687786764" visible="true" version="1" changeset="180566792" timestamp="2026-03-29T05:09:06Z" user="GlavkomLVO" uid="20150494" lat="12.5895262" lon="109.2270309"/>
 <node id="13732368405" visible="true" version="1" changeset="181369678" timestamp="2026-04-15T14:12:31Z" user="Heo Tham An" uid="23305067" lat="12.5701622" lon="109.2222634"/>
 <node id="13732368406" visible="true" version="1" changeset="181369678" timestamp="2026-04-15T14:12:31Z" user="Heo Tham An" uid="23305067" lat="12.5701663" lon="109.2222092"/>
 <node id="13732368407" visible="true" version="1" changeset="181369678" timestamp="2026-04-15T14:12:31Z" user="Heo Tham An" uid="23305067" lat="12.5701536" lon="109.2221563"/>
 <node id="13732368408" visible="true" version="1" changeset="181369678" timestamp="2026-04-15T14:12:31Z" user="Heo Tham An" uid="23305067" lat="12.5701253" lon="109.2221102"/>
 <node id="13732368409" visible="true" version="1" changeset="181369678" timestamp="2026-04-15T14:12:31Z" user="Heo Tham An" uid="23305067" lat="12.5700844" lon="109.2220755"/>
 <node id="13732368410" visible="true" version="1" changeset="181369678" timestamp="2026-04-15T14:12:31Z" user="Heo Tham An" uid="23305067" lat="12.5698533" lon="109.2221397"/>
 <node id="13732368411" visible="true" version="1" changeset="181369678" timestamp="2026-04-15T14:12:31Z" user="Heo Tham An" uid="23305067" lat="12.5698344" lon="109.2221947"/>
 <node id="13732368412" visible="true" version="1" changeset="181369678" timestamp="2026-04-15T14:12:31Z" user="Heo Tham An" uid="23305067" lat="12.5698346" lon="109.2222530"/>
 <node id="13732368413" visible="true" version="1" changeset="181369678" timestamp="2026-04-15T14:12:31Z" user="Heo Tham An" uid="23305067" lat="12.5698538" lon="109.2223079"/>
 <node id="13732368414" visible="true" version="1" changeset="181369678" timestamp="2026-04-15T14:12:31Z" user="Heo Tham An" uid="23305067" lat="12.5698898" lon="109.2223530"/>
 <node id="13732368415" visible="true" version="1" changeset="181369678" timestamp="2026-04-15T14:12:31Z" user="Heo Tham An" uid="23305067" lat="12.5700349" lon="109.2220557"/>
 <node id="13732368416" visible="true" version="1" changeset="181369678" timestamp="2026-04-15T14:12:31Z" user="Heo Tham An" uid="23305067" lat="12.5699818" lon="109.2220528"/>
 <node id="13732368417" visible="true" version="1" changeset="181369678" timestamp="2026-04-15T14:12:31Z" user="Heo Tham An" uid="23305067" lat="12.5699305" lon="109.2220670"/>
 <node id="13732368418" visible="true" version="1" changeset="181369678" timestamp="2026-04-15T14:12:31Z" user="Heo Tham An" uid="23305067" lat="12.5698862" lon="109.2220970"/>
 <node id="13732368419" visible="true" version="1" changeset="181369678" timestamp="2026-04-15T14:12:31Z" user="Heo Tham An" uid="23305067" lat="12.5699385" lon="109.2223831"/>
 <node id="13732368420" visible="true" version="1" changeset="181369678" timestamp="2026-04-15T14:12:31Z" user="Heo Tham An" uid="23305067" lat="12.5699942" lon="109.2223948"/>
 <node id="13732368421" visible="true" version="1" changeset="181369678" timestamp="2026-04-15T14:12:31Z" user="Heo Tham An" uid="23305067" lat="12.5700506" lon="109.2223867"/>
 <node id="13732368422" visible="true" version="1" changeset="181369678" timestamp="2026-04-15T14:12:31Z" user="Heo Tham An" uid="23305067" lat="12.5701397" lon="109.2223170"/>
 <node id="13732368423" visible="true" version="1" changeset="181369678" timestamp="2026-04-15T14:12:31Z" user="Heo Tham An" uid="23305067" lat="12.5735782" lon="109.2330882"/>
 <way id="32778690" visible="true" version="17" changeset="181369678" timestamp="2026-04-15T14:12:31Z" user="Heo Tham An" uid="23305067">
  <nd ref="4082426638"/>
  <nd ref="5233167524"/>
  <nd ref="7189865671"/>
  <nd ref="369197853"/>
  <nd ref="5233167566"/>
  <nd ref="5233167340"/>
  <nd ref="5233167561"/>
  <nd ref="7189865757"/>
  <nd ref="369197855"/>
  <nd ref="5233167579"/>
  <nd ref="7189865762"/>
  <nd ref="5233167497"/>
  <nd ref="7189865760"/>
  <nd ref="7189865623"/>
  <nd ref="369197857"/>
  <nd ref="7189865632"/>
  <nd ref="7189865618"/>
  <nd ref="1804274501"/>
  <nd ref="7189865607"/>
  <nd ref="7189865602"/>
  <nd ref="7334465088"/>
  <nd ref="1804274531"/>
  <nd ref="7189865596"/>
  <nd ref="1804274543"/>
  <nd ref="7189865591"/>
  <nd ref="369197859"/>
  <nd ref="7189865590"/>
  <nd ref="1804274553"/>
  <nd ref="5233167478"/>
  <nd ref="369197861"/>
  <nd ref="1723705413"/>
  <nd ref="5233167481"/>
  <nd ref="7300899276"/>
  <nd ref="5230968536"/>
  <nd ref="5230968535"/>
  <nd ref="1804274646"/>
  <nd ref="369197863"/>
  <nd ref="1804274662"/>
  <nd ref="5230968530"/>
  <nd ref="1723705433"/>
  <nd ref="369197865"/>
  <nd ref="5230968529"/>
  <nd ref="1723705473"/>
  <nd ref="1723705485"/>
  <nd ref="1723705501"/>
  <nd ref="7300899308"/>
  <nd ref="369197867"/>
  <nd ref="1723705561"/>
  <nd ref="1723705570"/>
  <nd ref="7300898878"/>
  <nd ref="7300898851"/>
  <nd ref="1723705610"/>
  <nd ref="6695768075"/>
  <tag k="alt_name" v="Đường tỉnh 652B"/>
  <tag k="highway" v="secondary"/>
  <tag k="name" v="Hòn Khói"/>
  <tag k="ref" v="ĐT.652B"/>
 </way>
 <way id="160320844" visible="true" version="6" changeset="106561186" timestamp="2021-06-18T04:19:16Z" user="p_ravalika" uid="10503930">
  <nd ref="1723705812"/>
  <nd ref="1723705804"/>
  <nd ref="1723705791"/>
  <nd ref="1723705787"/>
  <nd ref="7300899225"/>
  <nd ref="1723705782"/>
  <nd ref="1723705778"/>
  <nd ref="1723705765"/>
  <nd ref="1723705755"/>
  <nd ref="7710740822"/>
  <nd ref="1723705753"/>
  <nd ref="1723705749"/>
  <nd ref="1723705747"/>
  <nd ref="8843875777"/>
  <nd ref="1723705733"/>
  <nd ref="1723705727"/>
  <nd ref="1723705714"/>
  <tag k="highway" v="residential"/>
 </way>
 <way id="160320848" visible="true" version="3" changeset="106572134" timestamp="2021-06-18T07:35:43Z" user="mani_sh5" uid="11659188">
  <nd ref="1723705711"/>
  <nd ref="7300899240"/>
  <nd ref="8844321608"/>
  <nd ref="7300899247"/>
  <nd ref="1723705656"/>
  <nd ref="1723705648"/>
  <nd ref="1723705632"/>
  <nd ref="1723705625"/>
  <nd ref="1723705608"/>
  <nd ref="1723705602"/>
  <nd ref="1723705598"/>
  <nd ref="1723705575"/>
  <nd ref="1723705569"/>
  <nd ref="1723705558"/>
  <nd ref="1723705552"/>
  <nd ref="7300899257"/>
  <nd ref="1723705524"/>
  <nd ref="1723705502"/>
  <nd ref="1723705469"/>
  <nd ref="1723705429"/>
  <tag k="highway" v="residential"/>
 </way>
 <way id="160320857" visible="true" version="2" changeset="82279618" timestamp="2020-03-17T02:28:30Z" user="Arma IRM-ED" uid="8072037">
  <nd ref="1723705696"/>
  <nd ref="7300899238"/>
  <nd ref="1723705691"/>
  <tag k="highway" v="service"/>
 </way>
 <way id="160320858" visible="true" version="6" changeset="106562108" timestamp="2021-06-18T04:39:17Z" user="das2" uid="8924988">
  <nd ref="1723705764"/>
  <nd ref="1723705776"/>
  <nd ref="8843873008"/>
  <nd ref="1723705781"/>
  <nd ref="8843873014"/>
  <nd ref="1723705783"/>
  <nd ref="8843873013"/>
  <nd ref="1723705789"/>
  <nd ref="7710736938"/>
  <nd ref="1723705796"/>
  <nd ref="1723705807"/>
  <nd ref="1723705812"/>
  <nd ref="1723705816"/>
  <nd ref="1723705817"/>
  <nd ref="1723705839"/>
  <nd ref="1723705857"/>
  <nd ref="1723705865"/>
  <nd ref="1723705891"/>
  <nd ref="1723705904"/>
  <nd ref="1723705912"/>
  <nd ref="1723705925"/>
  <nd ref="1723705935"/>
  <nd ref="7324832033"/>
  <nd ref="1723706011"/>
  <nd ref="7304841672"/>
  <tag k="highway" v="residential"/>
 </way>
 <way id="160320859" visible="true" version="3" changeset="181369678" timestamp="2026-04-15T14:12:31Z" user="Heo Tham An" uid="23305067">
  <nd ref="1723705764"/>
  <nd ref="1723705763"/>
  <nd ref="1723705771"/>
  <nd ref="1723705775"/>
  <nd ref="1723705777"/>
  <nd ref="1723705780"/>
  <nd ref="1723705774"/>
  <nd ref="1723705760"/>
  <nd ref="1723705699"/>
  <nd ref="1723705700"/>
  <nd ref="1723705701"/>
  <nd ref="1723705687"/>
  <nd ref="1723705680"/>
  <nd ref="1723705664"/>
  <nd ref="1723705653"/>
  <nd ref="1723705645"/>
  <nd ref="6695768077"/>
  <tag k="highway" v="secondary"/>
  <tag k="name" v="Đường tỉnh 651D"/>
  <tag k="ref" v="ĐT.651D"/>
 </way>
 <way id="160320860" visible="true" version="3" changeset="82279618" timestamp="2020-03-17T02:28:30Z" user="Arma IRM-ED" uid="8072037">
  <nd ref="1723705705"/>
  <nd ref="1723705696"/>
  <nd ref="1723705676"/>
  <nd ref="7300899249"/>
  <nd ref="1723705627"/>
  <nd ref="4083169122"/>
  <nd ref="4083169121"/>
  <nd ref="7300899245"/>
  <nd ref="4083169120"/>
  <nd ref="4083169119"/>
  <nd ref="4083169116"/>
  <nd ref="4083169114"/>
  <nd ref="4083169112"/>
  <nd ref="4083169111"/>
  <nd ref="7300899255"/>
  <nd ref="1723705552"/>
  <tag k="highway" v="residential"/>
 </way>
 <way id="160320861" visible="true" version="3" changeset="82279618" timestamp="2020-03-17T02:28:30Z" user="Arma IRM-ED" uid="8072037">
  <nd ref="1723705737"/>
  <nd ref="7300899230"/>
  <nd ref="1723705740"/>
  <nd ref="1723705738"/>
  <nd ref="1723705729"/>
  <tag k="highway" v="residential"/>
 </way>
 <way id="160320863" visible="true" version="4" changeset="100256801" timestamp="2021-03-02T07:44:02Z" user="Adiatma IRM-RV" uid="8072074">
  <nd ref="1723705710"/>
  <nd ref="1723705713"/>
  <nd ref="7300899231"/>
  <nd ref="1723705726"/>
  <nd ref="1723705729"/>
  <nd ref="1723705736"/>
  <nd ref="1723705741"/>
  <nd ref="1723705751"/>
  <nd ref="1723705753"/>
  <tag k="highway" v="residential"/>
 </way>
 <way id="160320868" visible="true" version="4" changeset="87925697" timestamp="2020-07-13T13:01:51Z" user="Ficky IRM-RV" uid="9421523">
  <nd ref="1723705960"/>
  <nd ref="1723705980"/>
  <nd ref="1723705955"/>
  <nd ref="1723705919"/>
  <nd ref="1723705867"/>
  <nd ref="1723705858"/>
  <nd ref="1723705843"/>
  <nd ref="1723705848"/>
  <nd ref="1723705854"/>
  <nd ref="1723705856"/>
  <nd ref="1723705793"/>
  <nd ref="1723705795"/>
  <nd ref="1723705798"/>
  <nd ref="1723705799"/>
  <nd ref="1723705805"/>
  <nd ref="1723705837"/>
  <nd ref="1723705819"/>
  <nd ref="5230968602"/>
  <nd ref="1723705801"/>
  <nd ref="1723705802"/>
  <nd ref="1723705808"/>
  <nd ref="1723705810"/>
  <nd ref="1723705852"/>
  <nd ref="1723705876"/>
  <nd ref="1723705901"/>
  <nd ref="1723705906"/>
  <nd ref="1723705908"/>
  <nd ref="1723705914"/>
  <nd ref="1723705916"/>
  <nd ref="1723705929"/>
  <nd ref="1723705952"/>
  <nd ref="1723705953"/>
  <nd ref="1723705956"/>
  <nd ref="1723705960"/>
  <tag k="landuse" v="residential"/>
 </way>
 <way id="160320892" visible="true" version="1" changeset="11361484" timestamp="2012-04-20T08:37:07Z" user="LTKA" uid="558260">
  <nd ref="1723705818"/>
  <nd ref="1723705800"/>
  <nd ref="1723705790"/>
  <nd ref="1723705786"/>
  <nd ref="1723705784"/>
  <nd ref="1723705785"/>
  <nd ref="1723705792"/>
  <nd ref="1723705803"/>
  <nd ref="1723705809"/>
  <nd ref="1723705811"/>
  <nd ref="1723705813"/>
  <nd ref="1723705835"/>
  <nd ref="1723705841"/>
  <nd ref="1723705861"/>
  <nd ref="1723705869"/>
  <nd ref="1723705900"/>
  <nd ref="1723705910"/>
  <nd ref="1723705923"/>
  <nd ref="1723705928"/>
  <nd ref="1723705933"/>
  <nd ref="1723705963"/>
  <nd ref="1723705978"/>
  <nd ref="1723705993"/>
  <nd ref="1723705999"/>
  <nd ref="1723706003"/>
  <nd ref="1723706001"/>
  <nd ref="1723705991"/>
  <nd ref="1723705972"/>
  <nd ref="1723705959"/>
  <nd ref="1723705958"/>
  <nd ref="1723705966"/>
  <nd ref="1723705983"/>
  <nd ref="1723705998"/>
  <nd ref="1723706010"/>
  <nd ref="1723706018"/>
  <nd ref="1723706023"/>
  <nd ref="1723706026"/>
  <nd ref="1723706033"/>
  <nd ref="1723706039"/>
  <nd ref="1723706047"/>
  <nd ref="1723706051"/>
  <nd ref="1723706059"/>
  <nd ref="1723706072"/>
  <nd ref="1723706098"/>
  <nd ref="1723706110"/>
  <nd ref="1723706128"/>
  <nd ref="1723706132"/>
  <nd ref="1723706138"/>
  <nd ref="1723706120"/>
  <nd ref="1723706108"/>
  <nd ref="1723706079"/>
  <nd ref="1723706071"/>
  <nd ref="1723706060"/>
  <nd ref="1723706053"/>
  <nd ref="1723706049"/>
  <nd ref="1723706045"/>
  <nd ref="1723706043"/>
  <nd ref="1723706041"/>
  <nd ref="1723706036"/>
  <nd ref="1723706032"/>
  <nd ref="1723706027"/>
  <nd ref="1723706022"/>
  <nd ref="1723706020"/>
  <nd ref="1723706017"/>
  <nd ref="1723706009"/>
  <nd ref="1723706005"/>
  <nd ref="1723705995"/>
  <nd ref="1723705973"/>
  <nd ref="1723705962"/>
  <nd ref="1723705954"/>
  <nd ref="1723705948"/>
  <nd ref="1723705921"/>
  <nd ref="1723705903"/>
  <nd ref="1723705878"/>
  <nd ref="1723705863"/>
  <nd ref="1723705859"/>
  <nd ref="1723705846"/>
  <nd ref="1723705818"/>
  <tag k="natural" v="wood"/>
 </way>
 <way id="160320894" visible="true" version="1" changeset="11361484" timestamp="2012-04-20T08:37:09Z" user="LTKA" uid="558260">
  <nd ref="1723705495"/>
  <nd ref="1723705490"/>
  <nd ref="1723705487"/>
  <nd ref="1723705481"/>
  <nd ref="1723705472"/>
  <nd ref="1723705466"/>
  <nd ref="1723705464"/>
  <nd ref="1723705471"/>
  <nd ref="1723705478"/>
  <nd ref="1723705475"/>
  <nd ref="1723705468"/>
  <nd ref="1723705465"/>
  <nd ref="1723705459"/>
  <nd ref="1723705454"/>
  <nd ref="1723705446"/>
  <nd ref="1723705441"/>
  <nd ref="1723705445"/>
  <nd ref="1723705449"/>
  <nd ref="1723705451"/>
  <nd ref="1723705453"/>
  <nd ref="1723705461"/>
  <nd ref="1723705477"/>
  <nd ref="1723705483"/>
  <nd ref="1723705499"/>
  <nd ref="1723705506"/>
  <nd ref="1723705509"/>
  <nd ref="1723705512"/>
  <nd ref="1723705508"/>
  <nd ref="1723705510"/>
  <nd ref="1723705518"/>
  <nd ref="1723705525"/>
  <nd ref="1723705529"/>
  <nd ref="1723705547"/>
  <nd ref="1723705556"/>
  <nd ref="1723705566"/>
  <nd ref="1723705577"/>
  <nd ref="1723705601"/>
  <nd ref="1723705607"/>
  <nd ref="1723705638"/>
  <nd ref="1723705655"/>
  <nd ref="1723705665"/>
  <nd ref="1723705685"/>
  <nd ref="1723705697"/>
  <nd ref="1723705708"/>
  <nd ref="1723705724"/>
  <nd ref="1723705716"/>
  <nd ref="1723705723"/>
  <nd ref="1723705715"/>
  <nd ref="1723705728"/>
  <nd ref="1723705744"/>
  <nd ref="1723705742"/>
  <nd ref="1723705735"/>
  <nd ref="1723705754"/>
  <nd ref="1723705759"/>
  <nd ref="1723705757"/>
  <nd ref="1723705752"/>
  <nd ref="1723705718"/>
  <nd ref="1723705702"/>
  <nd ref="1723705693"/>
  <nd ref="1723705692"/>
  <nd ref="1723705682"/>
  <nd ref="1723705671"/>
  <nd ref="1723705658"/>
  <nd ref="1723705641"/>
  <nd ref="1723705631"/>
  <nd ref="1723705662"/>
  <nd ref="1723705661"/>
  <nd ref="1723705657"/>
  <nd ref="1723705654"/>
  <nd ref="1723705636"/>
  <nd ref="1723705628"/>
  <nd ref="1723705615"/>
  <nd ref="1723705623"/>
  <nd ref="1723705613"/>
  <nd ref="1723705603"/>
  <nd ref="1723705594"/>
  <nd ref="1723705578"/>
  <nd ref="1723705565"/>
  <nd ref="1723705559"/>
  <nd ref="1723705545"/>
  <nd ref="1723705530"/>
  <nd ref="1723705526"/>
  <nd ref="1723705523"/>
  <nd ref="1723705520"/>
  <nd ref="1723705513"/>
  <nd ref="1723705503"/>
  <nd ref="1723705497"/>
  <nd ref="1723705498"/>
  <nd ref="1723705495"/>
  <tag k="natural" v="wood"/>
 </way>
 <way id="540775956" visible="true" version="4" changeset="87925697" timestamp="2020-07-13T13:01:51Z" user="Ficky IRM-RV" uid="9421523">
  <nd ref="5230968609"/>
  <nd ref="5230968608"/>
  <nd ref="5230968607"/>
  <nd ref="5230968606"/>
  <nd ref="6695768078"/>
  <nd ref="7300899205"/>
  <nd ref="5230968605"/>
  <nd ref="7300899215"/>
  <nd ref="5230968604"/>
  <nd ref="5230968603"/>
  <nd ref="5230968602"/>
  <tag k="highway" v="unclassified"/>
 </way>
 <way id="540775958" visible="true" version="7" changeset="152014344" timestamp="2024-05-30T04:17:56Z" user="RedGreenBlue09" uid="21224147">
  <nd ref="5230968630"/>
  <nd ref="5230968629"/>
  <nd ref="5230968628"/>
  <nd ref="5230968627"/>
  <nd ref="7324795809"/>
  <nd ref="5230968626"/>
  <nd ref="5230968625"/>
  <nd ref="5230968624"/>
  <nd ref="7300898874"/>
  <nd ref="5230968623"/>
  <nd ref="5230968622"/>
  <nd ref="7300898853"/>
  <nd ref="5230968621"/>
  <nd ref="1723705635"/>
  <tag k="highway" v="secondary"/>
  <tag k="name" v="Đường tỉnh 651D"/>
  <tag k="ref" v="ĐT.651D"/>
 </way>
 <way id="541112002" visible="true" version="1" changeset="53849773" timestamp="2017-11-16T17:41:49Z" user="Алекс Мок" uid="4814295">
  <nd ref="5233167211"/>
  <nd ref="5233167210"/>
  <nd ref="5233167209"/>
  <nd ref="5233167208"/>
  <nd ref="5233167207"/>
  <nd ref="5233167206"/>
  <nd ref="5233167205"/>
  <nd ref="5233167204"/>
  <nd ref="5233167203"/>
  <nd ref="5233167202"/>
  <nd ref="5233167201"/>
  <nd ref="5233167200"/>
  <nd ref="5233167199"/>
  <nd ref="5233167198"/>
  <nd ref="5233167197"/>
  <nd ref="5233167196"/>
  <nd ref="5233167195"/>
  <nd ref="5233167194"/>
  <nd ref="5233167193"/>
  <nd ref="5233167192"/>
  <nd ref="5233167191"/>
  <nd ref="5233167190"/>
  <nd ref="5233167189"/>
  <nd ref="5233167188"/>
  <nd ref="5233167187"/>
  <nd ref="5233167186"/>
  <nd ref="5233167185"/>
  <nd ref="5233167184"/>
  <nd ref="5233167183"/>
  <nd ref="5233167182"/>
  <nd ref="5233167181"/>
  <nd ref="5233167180"/>
  <nd ref="5233167179"/>
  <nd ref="5233167178"/>
  <nd ref="5233167177"/>
  <nd ref="5233167176"/>
  <nd ref="5233167175"/>
  <nd ref="5233167174"/>
  <nd ref="5233167173"/>
  <nd ref="5233167172"/>
  <nd ref="5233167171"/>
  <nd ref="5233167170"/>
  <nd ref="5233167211"/>
  <tag k="natural" v="water"/>
 </way>
 <way id="712136758" visible="true" version="2" changeset="181369678" timestamp="2026-04-15T14:12:31Z" user="Heo Tham An" uid="23305067">
  <nd ref="6695768077"/>
  <nd ref="6695768054"/>
  <nd ref="6695768053"/>
  <nd ref="6695768048"/>
  <nd ref="6695768076"/>
  <tag k="highway" v="secondary"/>
  <tag k="name" v="Đường tỉnh 651D"/>
  <tag k="oneway" v="yes"/>
  <tag k="ref" v="ĐT.651D"/>
 </way>
 <way id="712136759" visible="true" version="5" changeset="181369678" timestamp="2026-04-15T14:12:31Z" user="Heo Tham An" uid="23305067">
  <nd ref="6695768075"/>
  <nd ref="6695768057"/>
  <nd ref="6695768056"/>
  <nd ref="6695768066"/>
  <tag k="alt_name" v="Đường tỉnh 652B"/>
  <tag k="highway" v="secondary"/>
  <tag k="name" v="Hòn Khói"/>
  <tag k="oneway" v="yes"/>
  <tag k="ref" v="ĐT.652B"/>
 </way>
 <way id="712136760" visible="true" version="4" changeset="152014344" timestamp="2024-05-30T04:17:56Z" user="RedGreenBlue09" uid="21224147">
  <nd ref="6695768059"/>
  <nd ref="6695768055"/>
  <nd ref="1723705635"/>
  <tag k="highway" v="secondary"/>
  <tag k="name" v="Đường tỉnh 651D"/>
  <tag k="oneway" v="yes"/>
  <tag k="ref" v="ĐT.651D"/>
 </way>
 <way id="712136761" visible="true" version="6" changeset="181369678" timestamp="2026-04-15T14:12:31Z" user="Heo Tham An" uid="23305067">
  <nd ref="6695768076"/>
  <nd ref="6695768050"/>
  <nd ref="6695768073"/>
  <tag k="alt_name" v="Đường tỉnh 652B"/>
  <tag k="highway" v="secondary"/>
  <tag k="name" v="Hòn Khói"/>
  <tag k="oneway" v="yes"/>
  <tag k="ref" v="ĐT.652B"/>
 </way>
 <way id="712136762" visible="true" version="2" changeset="181369678" timestamp="2026-04-15T14:12:31Z" user="Heo Tham An" uid="23305067">
  <nd ref="6695768067"/>
  <nd ref="6695768047"/>
  <nd ref="6695768046"/>
  <nd ref="6695768077"/>
  <tag k="highway" v="secondary"/>
  <tag k="name" v="Đường tỉnh 651D"/>
  <tag k="oneway" v="yes"/>
  <tag k="ref" v="ĐT.651D"/>
 </way>
 <way id="712136763" visible="true" version="2" changeset="181369678" timestamp="2026-04-15T14:12:31Z" user="Heo Tham An" uid="23305067">
  <nd ref="6695768054"/>
  <nd ref="6695768045"/>
  <tag k="highway" v="secondary"/>
  <tag k="name" v="Đường tỉnh 651D"/>
  <tag k="oneway" v="yes"/>
  <tag k="ref" v="ĐT.651D"/>
 </way>
 <way id="712136764" visible="true" version="6" changeset="181369678" timestamp="2026-04-15T14:12:31Z" user="Heo Tham An" uid="23305067">
  <nd ref="6695768045"/>
  <nd ref="6695768049"/>
  <nd ref="6695768076"/>
  <tag k="alt_name" v="Đường tỉnh 652B"/>
  <tag k="highway" v="secondary"/>
  <tag k="name" v="Hòn Khói"/>
  <tag k="oneway" v="yes"/>
  <tag k="ref" v="ĐT.652B"/>
 </way>
 <way id="712136765" visible="true" version="4" changeset="152014344" timestamp="2024-05-30T04:17:56Z" user="RedGreenBlue09" uid="21224147">
  <nd ref="1723705635"/>
  <nd ref="6695768051"/>
  <nd ref="6695768062"/>
  <tag k="highway" v="secondary"/>
  <tag k="name" v="Đường tỉnh 651D"/>
  <tag k="oneway" v="yes"/>
  <tag k="ref" v="ĐT.651D"/>
 </way>
 <way id="712136766" visible="true" version="5" changeset="181369678" timestamp="2026-04-15T14:12:31Z" user="Heo Tham An" uid="23305067">
  <nd ref="6695768062"/>
  <nd ref="6695768052"/>
  <nd ref="6695768075"/>
  <tag k="alt_name" v="Đường tỉnh 652B"/>
  <tag k="highway" v="secondary"/>
  <tag k="name" v="Hòn Khói"/>
  <tag k="oneway" v="yes"/>
  <tag k="ref" v="ĐT.652B"/>
 </way>
 <way id="712136768" visible="true" version="8" changeset="152013921" timestamp="2024-05-30T03:54:16Z" user="RedGreenBlue09" uid="21224147">
  <nd ref="11943923113"/>
  <nd ref="5233167217"/>
  <nd ref="7300899223"/>
  <nd ref="1723705801"/>
  <nd ref="5230968602"/>
  <nd ref="1723705819"/>
  <nd ref="7300899217"/>
  <nd ref="7300899207"/>
  <nd ref="7300899212"/>
  <nd ref="5230968609"/>
  <nd ref="1723705931"/>
  <tag k="highway" v="residential"/>
 </way>
 <way id="712136769" visible="true" version="1" changeset="73170276" timestamp="2019-08-08T20:20:30Z" user="Denis Venidiktov" uid="5502474">
  <nd ref="5230968603"/>
  <nd ref="6695768083"/>
  <nd ref="6695768082"/>
  <nd ref="6695768081"/>
  <nd ref="6695768080"/>
  <nd ref="6695768079"/>
  <nd ref="6695768078"/>
  <tag k="highway" v="residential"/>
 </way>
 <way id="753496272" visible="true" version="5" changeset="180566792" timestamp="2026-03-29T05:09:06Z" user="GlavkomLVO" uid="20150494">
  <nd ref="4083169109"/>
  <nd ref="4083169074"/>
  <nd ref="4083169073"/>
  <nd ref="7040271199"/>
  <nd ref="1336519478"/>
  <nd ref="1336514706"/>
  <nd ref="1336377032"/>
  <nd ref="1336473220"/>
  <nd ref="1336495997"/>
  <nd ref="1336323956"/>
  <nd ref="1336375263"/>
  <nd ref="1336282886"/>
  <nd ref="1336419739"/>
  <nd ref="1336524130"/>
  <nd ref="1336484517"/>
  <nd ref="1336466832"/>
  <nd ref="1336597720"/>
  <nd ref="1336601205"/>
  <nd ref="1336296942"/>
  <nd ref="7040271213"/>
  <nd ref="1336407838"/>
  <nd ref="1336227509"/>
  <nd ref="1336395641"/>
  <nd ref="13687786374"/>
  <nd ref="1336518711"/>
  <nd ref="7040234770"/>
  <nd ref="7040234769"/>
  <nd ref="7040234768"/>
  <nd ref="7040234767"/>
  <nd ref="7040234766"/>
  <nd ref="7040234765"/>
  <nd ref="7040234764"/>
  <nd ref="7040234763"/>
  <nd ref="7040234762"/>
  <nd ref="7040234761"/>
  <nd ref="7040234760"/>
  <nd ref="7040234759"/>
  <nd ref="7040271223"/>
  <nd ref="7040271222"/>
  <nd ref="7040271221"/>
  <nd ref="7040271220"/>
  <nd ref="7040271219"/>
  <nd ref="7040271218"/>
  <nd ref="7040271217"/>
  <nd ref="7040271216"/>
  <nd ref="7040271215"/>
  <nd ref="7040271214"/>
  <nd ref="7040271208"/>
  <nd ref="7040271207"/>
  <nd ref="7040271206"/>
  <nd ref="7040271205"/>
  <nd ref="7040271204"/>
  <nd ref="7040271203"/>
  <nd ref="7040271202"/>
  <nd ref="7040271201"/>
  <nd ref="7040271200"/>
  <nd ref="4083169109"/>
  <tag k="leisure" v="beach_resort"/>
  <tag k="name" v="Bãi biển Dốc Lết"/>
  <tag k="name:en" v="Doc Let Beach"/>
  <tag k="name:ru" v="Пляж Зоклет"/>
  <tag k="name:vi" v="Bãi biển Dốc Lết"/>
  <tag k="natural" v="beach"/>
 </way>
 <way id="781967068" visible="true" version="3" changeset="87925697" timestamp="2020-07-13T13:01:51Z" user="Ficky IRM-RV" uid="9421523">
  <nd ref="7300898851"/>
  <nd ref="7710740795"/>
  <nd ref="7357671850"/>
  <nd ref="7300898852"/>
  <nd ref="7300898853"/>
  <tag k="highway" v="residential"/>
  <tag k="source" v="digitalglobe"/>
 </way>
 <way id="781967081" visible="true" version="3" changeset="94470681" timestamp="2020-11-20T03:32:49Z" user="Ficky IRM-RV" uid="9421523">
  <nd ref="7300899212"/>
  <nd ref="7710740842"/>
  <nd ref="7300899211"/>
  <nd ref="7710740843"/>
  <nd ref="7710740845"/>
  <nd ref="7300899208"/>
  <nd ref="7710740840"/>
  <nd ref="7710740838"/>
  <nd ref="7300899213"/>
  <nd ref="7710740839"/>
  <nd ref="5230968602"/>
  <tag k="highway" v="residential"/>
  <tag k="source" v="digitalglobe"/>
 </way>
 <way id="781967085" visible="true" version="2" changeset="152013921" timestamp="2024-05-30T03:54:16Z" user="RedGreenBlue09" uid="21224147">
  <nd ref="11943923075"/>
  <nd ref="7300899222"/>
  <nd ref="6695768083"/>
  <tag k="highway" v="residential"/>
  <tag k="source" v="digitalglobe"/>
 </way>
 <way id="781967087" visible="true" version="2" changeset="87925697" timestamp="2020-07-13T13:01:51Z" user="Ficky IRM-RV" uid="9421523">
  <nd ref="7300899225"/>
  <nd ref="7710736934"/>
  <nd ref="1723705756"/>
  <tag k="highway" v="residential"/>
  <tag k="source" v="digitalglobe"/>
 </way>
 <way id="781967088" visible="true" version="1" changeset="82279618" timestamp="2020-03-17T02:28:30Z" user="Arma IRM-ED" uid="8072037">
  <nd ref="1723705787"/>
  <nd ref="7300899227"/>
  <tag k="highway" v="residential"/>
  <tag k="source" v="digitalglobe"/>
 </way>
 <way id="781967089" visible="true" version="2" changeset="87925697" timestamp="2020-07-13T13:01:51Z" user="Ficky IRM-RV" uid="9421523">
  <nd ref="7300899228"/>
  <nd ref="7710736933"/>
  <nd ref="7300899229"/>
  <nd ref="7300899230"/>
  <tag k="highway" v="residential"/>
  <tag k="source" v="digitalglobe"/>
 </way>
 <way id="781967090" visible="true" version="2" changeset="87925697" timestamp="2020-07-13T13:01:51Z" user="Ficky IRM-RV" uid="9421523">
  <nd ref="7300899231"/>
  <nd ref="7710740824"/>
  <nd ref="7710740823"/>
  <nd ref="7300899232"/>
  <nd ref="7300899233"/>
  <nd ref="7300899234"/>
  <tag k="highway" v="residential"/>
  <tag k="source" v="digitalglobe"/>
 </way>
 <way id="781967091" visible="true" version="2" changeset="87925697" timestamp="2020-07-13T13:01:51Z" user="Ficky IRM-RV" uid="9421523">
  <nd ref="7300899235"/>
  <nd ref="7710736966"/>
  <nd ref="7300899236"/>
  <nd ref="7710736967"/>
  <nd ref="7710736968"/>
  <nd ref="7300899237"/>
  <nd ref="7710736969"/>
  <nd ref="7300899238"/>
  <tag k="highway" v="residential"/>
  <tag k="source" v="digitalglobe"/>
 </way>
 <way id="781967092" visible="true" version="1" changeset="82279618" timestamp="2020-03-17T02:28:30Z" user="Arma IRM-ED" uid="8072037">
  <nd ref="7300899240"/>
  <nd ref="7300899241"/>
  <nd ref="1723705676"/>
  <tag k="highway" v="residential"/>
  <tag k="source" v="digitalglobe"/>
 </way>
 <way id="781967093" visible="true" version="3" changeset="100256801" timestamp="2021-03-02T07:44:02Z" user="Adiatma IRM-RV" uid="8072074">
  <nd ref="7300899241"/>
  <nd ref="7710736965"/>
  <nd ref="7300899242"/>
  <nd ref="7300899251"/>
  <nd ref="7300899250"/>
  <nd ref="7300899244"/>
  <tag k="highway" v="residential"/>
  <tag k="source" v="digitalglobe"/>
 </way>
 <way id="781967094" visible="true" version="2" changeset="87925697" timestamp="2020-07-13T13:01:51Z" user="Ficky IRM-RV" uid="9421523">
  <nd ref="7300899245"/>
  <nd ref="7300899246"/>
  <tag k="highway" v="service"/>
  <tag k="source" v="digitalglobe"/>
 </way>
 <way id="781967095" visible="true" version="2" changeset="87925697" timestamp="2020-07-13T13:01:51Z" user="Ficky IRM-RV" uid="9421523">
  <nd ref="7300899247"/>
  <nd ref="7300899250"/>
  <tag k="highway" v="residential"/>
  <tag k="source" v="digitalglobe"/>
 </way>
 <way id="781967096" visible="true" version="1" changeset="82279618" timestamp="2020-03-17T02:28:30Z" user="Arma IRM-ED" uid="8072037">
  <nd ref="7300899251"/>
  <nd ref="7300899249"/>
  <tag k="highway" v="residential"/>
  <tag k="source" v="digitalglobe"/>
 </way>
 <way id="784139152" visible="true" version="5" changeset="181369678" timestamp="2026-04-15T14:12:31Z" user="Heo Tham An" uid="23305067">
  <nd ref="6695768076"/>
  <nd ref="1723705732"/>
  <nd ref="11943923113"/>
  <nd ref="11943923112"/>
  <nd ref="11943923111"/>
  <nd ref="11943923110"/>
  <nd ref="11943923075"/>
  <nd ref="11943923109"/>
  <nd ref="11943923108"/>
  <nd ref="11943923107"/>
  <nd ref="11943923106"/>
  <nd ref="11943923105"/>
  <nd ref="11943923104"/>
  <nd ref="11943923103"/>
  <nd ref="11943923102"/>
  <nd ref="11943923101"/>
  <nd ref="11943923100"/>
  <nd ref="11943923074"/>
  <nd ref="11943923099"/>
  <nd ref="11943923098"/>
  <nd ref="11943923097"/>
  <nd ref="11943923096"/>
  <nd ref="11943923095"/>
  <nd ref="11943923094"/>
  <nd ref="11943923093"/>
  <nd ref="11943923092"/>
  <nd ref="11943923091"/>
  <nd ref="11943923090"/>
  <nd ref="11943923089"/>
  <nd ref="7344952206"/>
  <nd ref="7324832017"/>
  <nd ref="7344952191"/>
  <nd ref="7324832016"/>
  <nd ref="7344952192"/>
  <nd ref="7324832015"/>
  <nd ref="7344952193"/>
  <nd ref="7344952195"/>
  <nd ref="7324832014"/>
  <nd ref="7344952189"/>
  <nd ref="7344952188"/>
  <nd ref="7344952187"/>
  <nd ref="7344952186"/>
  <nd ref="7324832011"/>
  <nd ref="7344952185"/>
  <nd ref="7344952183"/>
  <nd ref="7324832010"/>
  <nd ref="7344952177"/>
  <nd ref="7324832007"/>
  <nd ref="7344952172"/>
  <nd ref="7344952173"/>
  <nd ref="7344952168"/>
  <nd ref="7344952167"/>
  <nd ref="7344952164"/>
  <nd ref="7344952163"/>
  <nd ref="7344952162"/>
  <nd ref="7344952161"/>
  <nd ref="7344952160"/>
  <nd ref="7324832003"/>
  <nd ref="7344952158"/>
  <nd ref="7344952157"/>
  <nd ref="7344952154"/>
  <nd ref="7344952152"/>
  <nd ref="7344952151"/>
  <nd ref="7344952150"/>
  <nd ref="7344952148"/>
  <nd ref="7324831999"/>
  <nd ref="7344952146"/>
  <nd ref="7344952144"/>
  <nd ref="7344952143"/>
  <nd ref="7344952140"/>
  <nd ref="7344952141"/>
  <nd ref="7344952138"/>
  <nd ref="7324831996"/>
  <nd ref="7344952135"/>
  <nd ref="7324831995"/>
  <nd ref="7344952133"/>
  <nd ref="7344952132"/>
  <nd ref="7344952130"/>
  <nd ref="7324831993"/>
  <nd ref="7344952129"/>
  <nd ref="7324831992"/>
  <nd ref="7344952126"/>
  <nd ref="7344952124"/>
  <nd ref="7344952123"/>
  <nd ref="7344952125"/>
  <nd ref="7344952120"/>
  <nd ref="7344952118"/>
  <nd ref="7344952117"/>
  <nd ref="7324831967"/>
  <nd ref="7344952064"/>
  <nd ref="7324831968"/>
  <nd ref="7344952076"/>
  <nd ref="7344952075"/>
  <nd ref="7344952074"/>
  <nd ref="7344952073"/>
  <nd ref="7324831969"/>
  <nd ref="7344952072"/>
  <nd ref="7344952082"/>
  <nd ref="11943923088"/>
  <nd ref="11943923087"/>
  <nd ref="11943923086"/>
  <nd ref="11943923085"/>
  <nd ref="11943923084"/>
  <nd ref="11943923083"/>
  <nd ref="11943923082"/>
  <nd ref="11943923081"/>
  <nd ref="11943923080"/>
  <nd ref="11943923079"/>
  <nd ref="11943923078"/>
  <nd ref="11943923077"/>
  <nd ref="11943923076"/>
  <tag k="alt_name" v="Đường tỉnh 652B"/>
  <tag k="highway" v="secondary"/>
  <tag k="name" v="Hòn Khói"/>
  <tag k="ref" v="ĐT.652B"/>
 </way>
 <way id="825831308" visible="true" version="1" changeset="87925697" timestamp="2020-07-13T13:01:48Z" user="Ficky IRM-RV" uid="9421523">
  <nd ref="7710736938"/>
  <nd ref="7710736937"/>
  <nd ref="7710736936"/>
  <nd ref="7710736935"/>
  <nd ref="7710736934"/>
  <nd ref="7300899228"/>
  <tag k="highway" v="residential"/>
 </way>
 <way id="825831312" visible="true" version="2" changeset="100256801" timestamp="2021-03-02T07:44:02Z" user="Adiatma IRM-RV" uid="8072074">
  <nd ref="7710740822"/>
  <nd ref="7710740797"/>
  <nd ref="7710740821"/>
  <nd ref="7710740796"/>
  <nd ref="7710740799"/>
  <nd ref="7710740820"/>
  <nd ref="7710740798"/>
  <nd ref="7710740801"/>
  <nd ref="7710740819"/>
  <nd ref="7710740800"/>
  <nd ref="7710740803"/>
  <nd ref="7710740818"/>
  <nd ref="7710740802"/>
  <nd ref="7710740805"/>
  <nd ref="7710740817"/>
  <nd ref="7710740804"/>
  <nd ref="7710740816"/>
  <nd ref="7710740806"/>
  <nd ref="7710740815"/>
  <nd ref="7710740808"/>
  <nd ref="7710740814"/>
  <nd ref="7710740811"/>
  <nd ref="7710740809"/>
  <nd ref="7710740810"/>
  <nd ref="7710740812"/>
  <tag k="highway" v="residential"/>
 </way>
 <way id="825831313" visible="true" version="1" changeset="87925697" timestamp="2020-07-13T13:01:48Z" user="Ficky IRM-RV" uid="9421523">
  <nd ref="7710740830"/>
  <nd ref="7710740825"/>
  <nd ref="7710740826"/>
  <nd ref="7710740829"/>
  <nd ref="7710740827"/>
  <nd ref="7710740828"/>
  <nd ref="7300899234"/>
  <tag k="highway" v="residential"/>
 </way>
 <way id="825831315" visible="true" version="1" changeset="87925697" timestamp="2020-07-13T13:01:48Z" user="Ficky IRM-RV" uid="9421523">
  <nd ref="7300899213"/>
  <nd ref="7710740841"/>
  <tag k="highway" v="residential"/>
 </way>
 <way id="955568687" visible="true" version="1" changeset="106561186" timestamp="2021-06-18T04:19:16Z" user="p_ravalika" uid="10503930">
  <nd ref="8843875777"/>
  <nd ref="8843875776"/>
  <nd ref="8843875775"/>
  <nd ref="8843875774"/>
  <nd ref="8843875773"/>
  <nd ref="8843875772"/>
  <nd ref="8843875771"/>
  <nd ref="8843875770"/>
  <nd ref="8843875769"/>
  <nd ref="8843875768"/>
  <tag k="highway" v="residential"/>
 </way>
 <way id="955572971" visible="true" version="1" changeset="106562108" timestamp="2021-06-18T04:39:17Z" user="das2" uid="8924988">
  <nd ref="8843873012"/>
  <nd ref="8843873011"/>
  <nd ref="8843873010"/>
  <nd ref="8843873009"/>
  <nd ref="8843873008"/>
  <tag k="highway" v="service"/>
 </way>
 <way id="955623007" visible="true" version="1" changeset="106572134" timestamp="2021-06-18T07:35:43Z" user="mani_sh5" uid="11659188">
  <nd ref="8844321608"/>
  <nd ref="8844321607"/>
  <nd ref="8844321606"/>
  <tag k="highway" v="residential"/>
 </way>
 <way id="1121576236" visible="true" version="1" changeset="130019713" timestamp="2022-12-13T04:26:43Z" user="rekeda_" uid="13298535">
  <nd ref="10258455589"/>
  <nd ref="10258455595"/>
  <nd ref="10258455596"/>
  <nd ref="10258455597"/>
  <nd ref="10258455598"/>
  <nd ref="10258455599"/>
  <nd ref="10258455600"/>
  <nd ref="10258455601"/>
  <nd ref="10258455602"/>
  <nd ref="10258455603"/>
  <nd ref="10258455604"/>
  <nd ref="10258455605"/>
  <nd ref="7710740812"/>
  <nd ref="10258455606"/>
  <nd ref="8843875768"/>
  <nd ref="10258455607"/>
  <nd ref="1723705714"/>
  <nd ref="10258455608"/>
  <nd ref="10258511909"/>
  <nd ref="1723705703"/>
  <nd ref="10258511910"/>
  <nd ref="1723705691"/>
  <nd ref="10258511911"/>
  <tag k="highway" v="residential"/>
 </way>
 <way id="1493791277" visible="true" version="1" changeset="180566792" timestamp="2026-03-29T05:09:06Z" user="GlavkomLVO" uid="20150494">
  <nd ref="1336501842"/>
  <nd ref="13687728949"/>
  <nd ref="13687728950"/>
  <nd ref="13687728951"/>
  <nd ref="13687728952"/>
  <nd ref="13687728953"/>
  <nd ref="13687728954"/>
  <nd ref="13687728955"/>
  <nd ref="13687728956"/>
  <nd ref="13687728957"/>
  <nd ref="13687728958"/>
  <nd ref="13687728959"/>
  <nd ref="13687728960"/>
  <nd ref="13687728961"/>
  <nd ref="13687728962"/>
  <nd ref="13687728963"/>
  <nd ref="13687728964"/>
  <nd ref="13687728965"/>
  <nd ref="13687728966"/>
  <nd ref="13687728967"/>
  <nd ref="13687728968"/>
  <nd ref="13687728969"/>
  <nd ref="13687728970"/>
  <nd ref="13687728971"/>
  <nd ref="13687728972"/>
  <nd ref="13687728973"/>
  <nd ref="13687728974"/>
  <nd ref="13687728975"/>
  <nd ref="13687728976"/>
  <nd ref="13687728977"/>
  <nd ref="13687728978"/>
  <nd ref="13687728979"/>
  <nd ref="13687728980"/>
  <nd ref="13687728981"/>
  <nd ref="13687728982"/>
  <nd ref="13687728983"/>
  <nd ref="13687728984"/>
  <nd ref="13687728985"/>
  <nd ref="13687728986"/>
  <nd ref="13687728987"/>
  <nd ref="13687728988"/>
  <nd ref="13687728989"/>
  <nd ref="13687728990"/>
  <nd ref="13687728991"/>
  <nd ref="13687728992"/>
  <nd ref="13687728993"/>
  <nd ref="13687728994"/>
  <nd ref="13687728995"/>
  <nd ref="13687728996"/>
  <nd ref="13687728997"/>
  <nd ref="13687728998"/>
  <nd ref="13687728999"/>
  <nd ref="13687729000"/>
  <nd ref="13687786301"/>
  <nd ref="13687786302"/>
  <nd ref="13687786303"/>
  <nd ref="13687786304"/>
  <nd ref="13687786305"/>
  <nd ref="13687786306"/>
  <nd ref="13687786307"/>
  <nd ref="13687786308"/>
  <nd ref="13687786309"/>
  <nd ref="13687786310"/>
  <nd ref="13687786311"/>
  <nd ref="13687786312"/>
  <nd ref="13687786313"/>
  <nd ref="13687786314"/>
  <nd ref="13687786315"/>
  <nd ref="13687786316"/>
  <nd ref="13687786317"/>
  <nd ref="13687786318"/>
  <nd ref="13687786319"/>
  <nd ref="13687786320"/>
  <nd ref="13687786321"/>
  <nd ref="13687786322"/>
  <nd ref="13687786323"/>
  <nd ref="13687786324"/>
  <nd ref="13687786325"/>
  <nd ref="13687786326"/>
  <nd ref="13687786327"/>
  <nd ref="13687786328"/>
  <nd ref="13687786329"/>
  <nd ref="13687786330"/>
  <nd ref="13687786331"/>
  <nd ref="13687786332"/>
  <nd ref="13687786333"/>
  <nd ref="13687786334"/>
  <nd ref="13687786335"/>
  <nd ref="13687786336"/>
  <nd ref="13687786337"/>
  <nd ref="13687786338"/>
  <nd ref="13687786339"/>
  <nd ref="13687786340"/>
  <nd ref="13687786341"/>
  <nd ref="13687786342"/>
  <nd ref="13687786343"/>
  <nd ref="13687786344"/>
  <nd ref="13687786345"/>
  <nd ref="13687786346"/>
  <nd ref="13687786347"/>
  <nd ref="13687786348"/>
  <nd ref="13687786349"/>
  <nd ref="13687786350"/>
  <nd ref="13687786351"/>
  <nd ref="13687786352"/>
  <nd ref="13687786353"/>
  <nd ref="13687786354"/>
  <nd ref="13687786355"/>
  <nd ref="13687786356"/>
  <nd ref="13687786357"/>
  <nd ref="13687786358"/>
  <nd ref="13687786359"/>
  <nd ref="13687786360"/>
  <nd ref="13687786361"/>
  <nd ref="13687786362"/>
  <nd ref="13687786363"/>
  <nd ref="13687786364"/>
  <nd ref="13687786365"/>
  <nd ref="13687786366"/>
  <nd ref="13687786367"/>
  <nd ref="13687786368"/>
  <nd ref="13687786369"/>
  <nd ref="13687786370"/>
  <nd ref="13687786371"/>
  <nd ref="13687786372"/>
  <nd ref="13687786373"/>
  <nd ref="13687786374"/>
  <nd ref="13687786375"/>
  <nd ref="13687786376"/>
  <nd ref="13687786377"/>
  <nd ref="13687786378"/>
  <nd ref="13687786379"/>
  <nd ref="13687786380"/>
  <nd ref="13687786381"/>
  <nd ref="13687786382"/>
  <nd ref="13687786383"/>
  <nd ref="13687786384"/>
  <nd ref="13687786385"/>
  <nd ref="13687786386"/>
  <nd ref="13687786387"/>
  <nd ref="13687786388"/>
  <nd ref="13687786389"/>
  <nd ref="13687786390"/>
  <nd ref="13687786391"/>
  <nd ref="13687786392"/>
  <nd ref="13687786393"/>
  <nd ref="13687786394"/>
  <nd ref="13687786395"/>
  <nd ref="13687786396"/>
  <nd ref="13687786397"/>
  <nd ref="13687786398"/>
  <nd ref="13687786399"/>
  <nd ref="13687786400"/>
  <nd ref="13687786401"/>
  <nd ref="13687786402"/>
  <nd ref="13687786403"/>
  <nd ref="13687786404"/>
  <nd ref="13687786405"/>
  <nd ref="13687786406"/>
  <nd ref="13687786407"/>
  <nd ref="13687786408"/>
  <nd ref="13687786409"/>
  <nd ref="13687786410"/>
  <nd ref="13687786411"/>
  <nd ref="13687786412"/>
  <nd ref="13687786413"/>
  <nd ref="13687786414"/>
  <nd ref="13687786415"/>
  <nd ref="13687786416"/>
  <nd ref="13687786417"/>
  <nd ref="13687786418"/>
  <nd ref="13687786419"/>
  <nd ref="13687786420"/>
  <nd ref="13687786421"/>
  <nd ref="13687786422"/>
  <nd ref="13687786423"/>
  <nd ref="13687786424"/>
  <nd ref="13687786425"/>
  <nd ref="13687786426"/>
  <nd ref="13687786427"/>
  <nd ref="13687786428"/>
  <nd ref="13687786429"/>
  <nd ref="13687786430"/>
  <nd ref="13687786431"/>
  <nd ref="13687786432"/>
  <nd ref="13687786433"/>
  <nd ref="13687786434"/>
  <nd ref="13687786435"/>
  <nd ref="13687786436"/>
  <nd ref="13687786437"/>
  <nd ref="13687786438"/>
  <nd ref="13687786439"/>
  <nd ref="13687786440"/>
  <nd ref="13687786441"/>
  <nd ref="13687786442"/>
  <nd ref="13687786443"/>
  <nd ref="13687786444"/>
  <nd ref="13687786445"/>
  <nd ref="13687786446"/>
  <nd ref="13687786447"/>
  <nd ref="13687786448"/>
  <nd ref="13687786449"/>
  <nd ref="13687786450"/>
  <nd ref="13687786451"/>
  <nd ref="13687786452"/>
  <nd ref="13687786453"/>
  <nd ref="13687786454"/>
  <nd ref="13687786455"/>
  <nd ref="13687786456"/>
  <nd ref="13687786457"/>
  <nd ref="13687786458"/>
  <nd ref="13687786459"/>
  <nd ref="13687786460"/>
  <nd ref="13687786461"/>
  <nd ref="13687786462"/>
  <nd ref="13687786463"/>
  <nd ref="13687786464"/>
  <nd ref="13687786465"/>
  <nd ref="13687786466"/>
  <nd ref="13687786467"/>
  <nd ref="13687786468"/>
  <nd ref="13687786469"/>
  <nd ref="13687786470"/>
  <nd ref="13687786471"/>
  <nd ref="13687786472"/>
  <nd ref="13687786473"/>
  <nd ref="13687786474"/>
  <nd ref="13687786475"/>
  <nd ref="13687786476"/>
  <nd ref="13687786477"/>
  <nd ref="13687786478"/>
  <nd ref="13687786479"/>
  <nd ref="13687786480"/>
  <nd ref="13687786481"/>
  <nd ref="13687786482"/>
  <nd ref="13687786483"/>
  <nd ref="13687786484"/>
  <nd ref="13687786485"/>
  <nd ref="13687786486"/>
  <nd ref="13687786487"/>
  <nd ref="13687786488"/>
  <nd ref="13687786489"/>
  <nd ref="13687786490"/>
  <nd ref="13687786491"/>
  <nd ref="13687786492"/>
  <nd ref="13687786493"/>
  <nd ref="13687786494"/>
  <nd ref="13687786495"/>
  <nd ref="13687786496"/>
  <nd ref="13687786497"/>
  <nd ref="13687786498"/>
  <nd ref="13687786499"/>
  <nd ref="13687786500"/>
  <nd ref="13687786501"/>
  <nd ref="13687786502"/>
  <nd ref="13687786503"/>
  <nd ref="13687786504"/>
  <nd ref="13687786505"/>
  <nd ref="13687786506"/>
  <nd ref="13687786507"/>
  <nd ref="13687786508"/>
  <nd ref="13687786509"/>
  <nd ref="13687786510"/>
  <nd ref="13687786511"/>
  <nd ref="13687786512"/>
  <nd ref="13687786513"/>
  <nd ref="13687786514"/>
  <nd ref="13687786515"/>
  <nd ref="13687786516"/>
  <nd ref="13687786517"/>
  <nd ref="13687786518"/>
  <nd ref="13687786519"/>
  <nd ref="13687786520"/>
  <nd ref="13687786521"/>
  <nd ref="13687786522"/>
  <nd ref="13687786523"/>
  <nd ref="13687786524"/>
  <nd ref="13687786525"/>
  <nd ref="13687786526"/>
  <nd ref="13687786527"/>
  <nd ref="13687786528"/>
  <nd ref="13687786529"/>
  <nd ref="13687786530"/>
  <nd ref="13687786531"/>
  <nd ref="13687786532"/>
  <nd ref="13687786533"/>
  <nd ref="13687786534"/>
  <nd ref="13687786535"/>
  <nd ref="13687786536"/>
  <nd ref="13687786537"/>
  <nd ref="13687786538"/>
  <nd ref="13687786539"/>
  <nd ref="13687786540"/>
  <nd ref="13687786541"/>
  <nd ref="13687786542"/>
  <nd ref="13687786543"/>
  <nd ref="13687786544"/>
  <nd ref="13687786545"/>
  <nd ref="13687786546"/>
  <nd ref="13687786547"/>
  <nd ref="13687786548"/>
  <nd ref="13687786549"/>
  <nd ref="13687786550"/>
  <nd ref="13687786551"/>
  <nd ref="13687786552"/>
  <nd ref="13687786553"/>
  <nd ref="13687786554"/>
  <nd ref="13687786555"/>
  <nd ref="13687786556"/>
  <nd ref="13687786557"/>
  <nd ref="13687786558"/>
  <nd ref="13687786559"/>
  <nd ref="13687786560"/>
  <nd ref="13687786561"/>
  <nd ref="13687786562"/>
  <nd ref="13687786563"/>
  <nd ref="13687786564"/>
  <nd ref="13687786565"/>
  <nd ref="13687786566"/>
  <nd ref="13687786567"/>
  <nd ref="13687786568"/>
  <nd ref="13687786569"/>
  <nd ref="13687786570"/>
  <nd ref="13687786571"/>
  <nd ref="13687786572"/>
  <nd ref="13687786573"/>
  <nd ref="13687786574"/>
  <nd ref="13687786575"/>
  <nd ref="13687786576"/>
  <nd ref="13687786577"/>
  <nd ref="13687786578"/>
  <nd ref="13687786579"/>
  <nd ref="13687786580"/>
  <nd ref="13687786581"/>
  <nd ref="13687786582"/>
  <nd ref="13687786583"/>
  <nd ref="13687786584"/>
  <nd ref="13687786585"/>
  <nd ref="13687786586"/>
  <nd ref="13687786587"/>
  <nd ref="13687786588"/>
  <nd ref="13687786589"/>
  <nd ref="13687786590"/>
  <nd ref="13687786591"/>
  <nd ref="13687786592"/>
  <nd ref="13687786593"/>
  <nd ref="13687786594"/>
  <nd ref="13687786595"/>
  <nd ref="13687786596"/>
  <nd ref="13687786597"/>
  <nd ref="13687786598"/>
  <nd ref="13687786599"/>
  <nd ref="13687786600"/>
  <nd ref="13687786601"/>
  <nd ref="13687786602"/>
  <nd ref="13687786603"/>
  <nd ref="13687786604"/>
  <nd ref="13687786605"/>
  <nd ref="13687786606"/>
  <nd ref="13687786607"/>
  <nd ref="13687786608"/>
  <nd ref="13687786609"/>
  <nd ref="13687786610"/>
  <nd ref="13687786611"/>
  <nd ref="13687786612"/>
  <nd ref="13687786613"/>
  <nd ref="13687786614"/>
  <nd ref="13687786615"/>
  <nd ref="13687786616"/>
  <nd ref="13687786617"/>
  <nd ref="13687786618"/>
  <nd ref="13687786619"/>
  <nd ref="13687786620"/>
  <nd ref="13687786621"/>
  <nd ref="13687786622"/>
  <nd ref="13687786623"/>
  <nd ref="13687786624"/>
  <nd ref="13687786625"/>
  <nd ref="13687786626"/>
  <nd ref="13687786627"/>
  <nd ref="13687786628"/>
  <nd ref="13687786629"/>
  <nd ref="13687786630"/>
  <nd ref="13687786631"/>
  <nd ref="13687786632"/>
  <nd ref="13687786633"/>
  <nd ref="13687786634"/>
  <nd ref="13687786635"/>
  <nd ref="13687786636"/>
  <nd ref="13687786637"/>
  <nd ref="13687786638"/>
  <nd ref="13687786639"/>
  <nd ref="13687786640"/>
  <nd ref="13687786641"/>
  <nd ref="13687786642"/>
  <nd ref="13687786643"/>
  <nd ref="13687786644"/>
  <nd ref="13687786645"/>
  <nd ref="13687786646"/>
  <nd ref="13687786647"/>
  <nd ref="13687786648"/>
  <nd ref="13687786649"/>
  <nd ref="13687786650"/>
  <nd ref="13687786651"/>
  <nd ref="13687786652"/>
  <nd ref="13687786653"/>
  <nd ref="13687786654"/>
  <nd ref="13687786655"/>
  <nd ref="13687786656"/>
  <nd ref="13687786657"/>
  <nd ref="13687786658"/>
  <nd ref="13687786659"/>
  <nd ref="13687786660"/>
  <nd ref="13687786661"/>
  <nd ref="13687786662"/>
  <nd ref="13687786663"/>
  <nd ref="13687786664"/>
  <nd ref="13687786665"/>
  <nd ref="13687786666"/>
  <nd ref="13687786667"/>
  <nd ref="13687786668"/>
  <nd ref="13687786669"/>
  <nd ref="13687786670"/>
  <nd ref="13687786671"/>
  <nd ref="13687786672"/>
  <nd ref="13687786673"/>
  <nd ref="13687786674"/>
  <nd ref="13687786675"/>
  <nd ref="13687786676"/>
  <nd ref="13687786677"/>
  <nd ref="13687786678"/>
  <nd ref="13687786679"/>
  <nd ref="13687786680"/>
  <nd ref="13687786681"/>
  <nd ref="13687786682"/>
  <nd ref="13687786683"/>
  <nd ref="13687786684"/>
  <nd ref="13687786685"/>
  <nd ref="13687786686"/>
  <nd ref="13687786687"/>
  <nd ref="13687786688"/>
  <nd ref="13687786689"/>
  <nd ref="13687786690"/>
  <nd ref="13687786691"/>
  <nd ref="13687786692"/>
  <nd ref="13687786693"/>
  <nd ref="13687786694"/>
  <nd ref="13687786695"/>
  <nd ref="13687786696"/>
  <nd ref="13687786697"/>
  <nd ref="13687786698"/>
  <nd ref="13687786699"/>
  <nd ref="13687786700"/>
  <nd ref="13687786701"/>
  <nd ref="13687786702"/>
  <nd ref="13687786703"/>
  <nd ref="13687786704"/>
  <nd ref="13687786705"/>
  <nd ref="13687786706"/>
  <nd ref="13687786707"/>
  <nd ref="13687786708"/>
  <nd ref="13687786709"/>
  <nd ref="13687786710"/>
  <nd ref="13687786711"/>
  <nd ref="13687786712"/>
  <nd ref="13687786713"/>
  <nd ref="13687786714"/>
  <nd ref="13687786715"/>
  <nd ref="13687786716"/>
  <nd ref="13687786717"/>
  <nd ref="13687786718"/>
  <nd ref="13687786719"/>
  <nd ref="13687786720"/>
  <nd ref="13687786721"/>
  <nd ref="13687786722"/>
  <nd ref="13687786723"/>
  <nd ref="13687786724"/>
  <nd ref="13687786725"/>
  <nd ref="13687786726"/>
  <nd ref="13687786727"/>
  <nd ref="13687786728"/>
  <nd ref="13687786729"/>
  <nd ref="13687786730"/>
  <nd ref="13687786731"/>
  <nd ref="13687786732"/>
  <nd ref="13687786733"/>
  <nd ref="13687786734"/>
  <nd ref="13687786735"/>
  <nd ref="13687786736"/>
  <nd ref="13687786737"/>
  <nd ref="13687786738"/>
  <nd ref="13687786739"/>
  <nd ref="13687786740"/>
  <nd ref="13687786741"/>
  <nd ref="13687786742"/>
  <nd ref="13687786743"/>
  <nd ref="13687786744"/>
  <nd ref="13687786745"/>
  <nd ref="13687786746"/>
  <nd ref="13687786747"/>
  <nd ref="13687786748"/>
  <nd ref="13687786749"/>
  <nd ref="13687786750"/>
  <nd ref="13687786751"/>
  <nd ref="13687786752"/>
  <nd ref="13687786753"/>
  <nd ref="13687786754"/>
  <nd ref="13687786755"/>
  <nd ref="13687786756"/>
  <nd ref="13687786757"/>
  <nd ref="13687786758"/>
  <nd ref="13687786759"/>
  <nd ref="13687786760"/>
  <nd ref="13687786761"/>
  <nd ref="13687786762"/>
  <nd ref="13687786763"/>
  <nd ref="13687786764"/>
  <tag k="natural" v="coastline"/>
 </way>
 <way id="1493791278" visible="true" version="1" changeset="180566792" timestamp="2026-03-29T05:09:06Z" user="GlavkomLVO" uid="20150494">
  <nd ref="13687786764"/>
  <nd ref="1336343689"/>
  <nd ref="1336630998"/>
  <nd ref="1336507175"/>
  <nd ref="1336389664"/>
  <nd ref="1336539288"/>
  <nd ref="1336492241"/>
  <nd ref="1336592582"/>
  <nd ref="1336350535"/>
  <nd ref="1336376650"/>
  <nd ref="1336384778"/>
  <nd ref="1336607128"/>
  <nd ref="1336448478"/>
  <nd ref="1336466952"/>
  <nd ref="1336422885"/>
  <nd ref="1336438002"/>
  <nd ref="1336420917"/>
  <nd ref="1336265515"/>
  <nd ref="1336342898"/>
  <nd ref="1336511980"/>
  <nd ref="5230968612"/>
  <nd ref="5230968614"/>
  <nd ref="5230968613"/>
  <nd ref="5230968611"/>
  <nd ref="5230968610"/>
  <nd ref="1336588583"/>
  <nd ref="1336351202"/>
  <nd ref="1336519931"/>
  <nd ref="1336470976"/>
  <nd ref="1336658034"/>
  <nd ref="1336282872"/>
  <nd ref="1336400654"/>
  <nd ref="1336336452"/>
  <nd ref="1336342985"/>
  <nd ref="1336422896"/>
  <nd ref="1336440292"/>
  <nd ref="1336436552"/>
  <nd ref="1336658882"/>
  <nd ref="1336441710"/>
  <nd ref="1336285490"/>
  <nd ref="1336282068"/>
  <nd ref="5230968615"/>
  <nd ref="5230968616"/>
  <nd ref="1336297278"/>
  <nd ref="5230968617"/>
  <nd ref="1336210876"/>
  <nd ref="1336497683"/>
  <nd ref="1336482013"/>
  <nd ref="1336210080"/>
  <nd ref="1336206128"/>
  <nd ref="1336329944"/>
  <nd ref="1336628163"/>
  <nd ref="1336438031"/>
  <nd ref="1336436690"/>
  <nd ref="1336420966"/>
  <nd ref="1336482687"/>
  <nd ref="1336352505"/>
  <nd ref="1336401095"/>
  <nd ref="1336284651"/>
  <nd ref="1336353008"/>
  <nd ref="1336510441"/>
  <nd ref="1336431194"/>
  <nd ref="1336586239"/>
  <nd ref="1336477337"/>
  <nd ref="1336639986"/>
  <nd ref="5230968618"/>
  <nd ref="5230968619"/>
  <nd ref="5230968620"/>
  <nd ref="1336382716"/>
  <nd ref="1336240476"/>
  <nd ref="1336466308"/>
  <nd ref="1336296734"/>
  <nd ref="5231131511"/>
  <nd ref="1336563617"/>
  <nd ref="1336503935"/>
  <nd ref="1336336872"/>
  <nd ref="1336542500"/>
  <nd ref="1336376453"/>
  <nd ref="5231131509"/>
  <nd ref="5231131510"/>
  <nd ref="1336455151"/>
  <nd ref="1336380933"/>
  <nd ref="1336537654"/>
  <nd ref="5231131508"/>
  <nd ref="1336387129"/>
  <nd ref="13036730246"/>
  <nd ref="1336495591"/>
  <nd ref="1336571374"/>
  <nd ref="1336590001"/>
  <nd ref="1336511992"/>
  <nd ref="1336339773"/>
  <nd ref="1336453132"/>
  <nd ref="1336483510"/>
  <nd ref="1336533075"/>
  <nd ref="5231131506"/>
  <nd ref="1336362318"/>
  <nd ref="13036730191"/>
  <nd ref="5233167477"/>
  <nd ref="1336413281"/>
  <nd ref="11542179351"/>
  <nd ref="11542179398"/>
  <tag k="natural" v="coastline"/>
  <tag k="source" v="bing"/>
 </way>
 <way id="1499615898" visible="true" version="1" changeset="181369678" timestamp="2026-04-15T14:12:31Z" user="Heo Tham An" uid="23305067">
  <nd ref="13732368419"/>
  <nd ref="13732368420"/>
  <nd ref="13732368421"/>
  <nd ref="6695768045"/>
  <nd ref="13732368422"/>
  <nd ref="13732368405"/>
  <nd ref="13732368406"/>
  <nd ref="6695768073"/>
  <nd ref="13732368407"/>
  <nd ref="13732368408"/>
  <nd ref="13732368409"/>
  <nd ref="6695768059"/>
  <nd ref="13732368415"/>
  <nd ref="13732368416"/>
  <nd ref="13732368417"/>
  <nd ref="6695768062"/>
  <nd ref="13732368418"/>
  <nd ref="13732368410"/>
  <nd ref="13732368411"/>
  <nd ref="13732368412"/>
  <nd ref="6695768066"/>
  <nd ref="13732368413"/>
  <nd ref="13732368414"/>
  <nd ref="6695768067"/>
  <nd ref="13732368419"/>
  <tag k="highway" v="secondary"/>
  <tag k="junction" v="roundabout"/>
  <tag k="ref" v="ĐT.651D;ĐT.652B"/>
 </way>
 <way id="1499615899" visible="true" version="1" changeset="181369678" timestamp="2026-04-15T14:12:31Z" user="Heo Tham An" uid="23305067">
  <nd ref="1723705703"/>
  <nd ref="1723705704"/>
  <nd ref="1723705705"/>
  <nd ref="1723705706"/>
  <nd ref="1723705707"/>
  <nd ref="1723705710"/>
  <nd ref="1723705711"/>
  <nd ref="1723705712"/>
  <nd ref="1723705731"/>
  <nd ref="1723705737"/>
  <nd ref="1723705743"/>
  <nd ref="1723705756"/>
  <nd ref="1723705766"/>
  <nd ref="13732368423"/>
  <nd ref="1723705770"/>
  <nd ref="1723705768"/>
  <nd ref="1723705761"/>
  <nd ref="1723705762"/>
  <nd ref="1723705764"/>
  <tag k="highway" v="residential"/>
 </way>
 <relation id="1887959" visible="true" version="121" changeset="187260862" timestamp="2026-08-11T03:09:02Z" user="Trần Xuân" uid="23012452">
  <member type="way" ref="118908859" role="outer"/>
  <member type="way" ref="300769038" role="outer"/>
  <member type="way" ref="771822506" role="outer"/>
  <member type="way" ref="1145007174" role="outer"/>
  <member type="way" ref="1145007176" role="outer"/>
  <member type="way" ref="481163877" role="outer"/>
  <member type="way" ref="1246227611" role="outer"/>
  <member type="way" ref="1268038734" role="outer"/>
  <member type="way" ref="481375944" role="outer"/>
  <member type="way" ref="1145016676" role="outer"/>
  <member type="way" ref="1268038729" role="outer"/>
  <member type="way" ref="1145016675" role="outer"/>
  <member type="way" ref="1268038727" role="outer"/>
  <member type="way" ref="481328867" role="outer"/>
  <member type="way" ref="1270777042" role="outer"/>
  <member type="way" ref="1270777041" role="outer"/>
  <member type="way" ref="1417842843" role="outer"/>
  <member type="way" ref="139822618" role="outer"/>
  <member type="way" ref="1303474139" role="outer"/>
  <member type="way" ref="1303474135" role="outer"/>
  <member type="way" ref="1306142103" role="outer"/>
  <member type="way" ref="1417842836" role="outer"/>
  <member type="way" ref="118908617" role="outer"/>
  <member type="way" ref="1306142073" role="outer"/>
  <member type="way" ref="1306142069" role="outer"/>
  <member type="way" ref="1306142068" role="outer"/>
  <member type="way" ref="1306142067" role="outer"/>
  <member type="way" ref="1414010585" role="outer"/>
  <member type="way" ref="1414010584" role="outer"/>
  <member type="way" ref="1417561052" role="outer"/>
  <member type="way" ref="1417561051" role="outer"/>
  <member type="way" ref="1417842777" role="outer"/>
  <member type="way" ref="480788283" role="outer"/>
  <member type="way" ref="1417842781" role="outer"/>
  <member type="way" ref="480825557" role="outer"/>
  <member type="way" ref="358047378" role="outer"/>
  <member type="way" ref="289462901" role="outer"/>
  <member type="way" ref="289462897" role="outer"/>
  <member type="way" ref="1368407216" role="outer"/>
  <member type="way" ref="1120240941" role="outer"/>
  <member type="way" ref="1120240942" role="outer"/>
  <member type="way" ref="1120240953" role="outer"/>
  <member type="way" ref="1368407217" role="outer"/>
  <member type="way" ref="1120240951" role="outer"/>
  <member type="way" ref="1120240932" role="outer"/>
  <member type="way" ref="1319181446" role="outer"/>
  <member type="way" ref="1120240928" role="outer"/>
  <member type="way" ref="1120240930" role="outer"/>
  <member type="way" ref="1120240925" role="outer"/>
  <member type="way" ref="1120240927" role="outer"/>
  <member type="way" ref="1199677144" role="outer"/>
  <member type="way" ref="1120240934" role="outer"/>
  <member type="way" ref="1368675506" role="outer"/>
  <member type="way" ref="1120240931" role="inner"/>
  <member type="way" ref="1120240950" role="outer"/>
  <member type="way" ref="1120240957" role="outer"/>
  <member type="way" ref="1120240956" role="outer"/>
  <member type="way" ref="1120240947" role="outer"/>
  <member type="way" ref="1120240923" role="outer"/>
  <member type="way" ref="1120240955" role="outer"/>
  <member type="way" ref="1120240954" role="outer"/>
  <member type="way" ref="1120004551" role="outer"/>
  <member type="node" ref="1532838631" role="label"/>
  <member type="node" ref="369487053" role="admin_centre"/>
  <member type="relation" ref="17077329" role="subarea"/>
  <member type="relation" ref="17082273" role="subarea"/>
  <member type="relation" ref="17079641" role="subarea"/>
  <member type="relation" ref="17079643" role="subarea"/>
  <member type="relation" ref="17070687" role="subarea"/>
  <member type="relation" ref="17082270" role="subarea"/>
  <member type="relation" ref="17082272" role="subarea"/>
  <member type="relation" ref="17079645" role="subarea"/>
  <member type="relation" ref="16203955" role="subarea"/>
  <member type="relation" ref="16205487" role="subarea"/>
  <member type="relation" ref="16203649" role="subarea"/>
  <member type="relation" ref="16205486" role="subarea"/>
  <member type="relation" ref="16140246" role="subarea"/>
  <member type="relation" ref="16139323" role="subarea"/>
  <member type="relation" ref="16140100" role="subarea"/>
  <member type="relation" ref="16140101" role="subarea"/>
  <member type="relation" ref="16139327" role="subarea"/>
  <member type="relation" ref="17606330" role="subarea"/>
  <member type="relation" ref="17606327" role="subarea"/>
  <member type="relation" ref="16075211" role="subarea"/>
  <member type="relation" ref="16074366" role="subarea"/>
  <member type="relation" ref="16074981" role="subarea"/>
  <member type="relation" ref="16074980" role="subarea"/>
  <member type="relation" ref="17609705" role="subarea"/>
  <member type="relation" ref="17609703" role="subarea"/>
  <member type="relation" ref="17609702" role="subarea"/>
  <member type="relation" ref="17609698" role="subarea"/>
  <member type="relation" ref="17609709" role="subarea"/>
  <member type="relation" ref="17609708" role="subarea"/>
  <member type="relation" ref="17609713" role="subarea"/>
  <member type="relation" ref="16074369" role="subarea"/>
  <member type="relation" ref="17606321" role="subarea"/>
  <member type="relation" ref="17606342" role="subarea"/>
  <member type="relation" ref="17606337" role="subarea"/>
  <member type="relation" ref="17606334" role="subarea"/>
  <member type="relation" ref="17609722" role="subarea"/>
  <member type="relation" ref="17609720" role="subarea"/>
  <member type="relation" ref="17609716" role="subarea"/>
  <member type="relation" ref="17609717" role="subarea"/>
  <member type="relation" ref="3479413" role="subarea"/>
  <member type="relation" ref="19395764" role="subarea"/>
  <member type="relation" ref="19395763" role="subarea"/>
  <member type="relation" ref="19395762" role="subarea"/>
  <member type="relation" ref="19395761" role="subarea"/>
  <member type="relation" ref="19395760" role="subarea"/>
  <member type="relation" ref="19395759" role="subarea"/>
  <member type="relation" ref="19395758" role="subarea"/>
  <member type="relation" ref="19395757" role="subarea"/>
  <member type="relation" ref="19395756" role="subarea"/>
  <member type="relation" ref="19395755" role="subarea"/>
  <member type="relation" ref="19395754" role="subarea"/>
  <member type="relation" ref="19395753" role="subarea"/>
  <member type="relation" ref="19395752" role="subarea"/>
  <member type="relation" ref="19395751" role="subarea"/>
  <member type="relation" ref="19395750" role="subarea"/>
  <member type="relation" ref="19395749" role="subarea"/>
  <member type="relation" ref="19395748" role="subarea"/>
  <member type="relation" ref="19395747" role="subarea"/>
  <member type="relation" ref="19395746" role="subarea"/>
  <member type="relation" ref="19395745" role="subarea"/>
  <member type="relation" ref="19395744" role="subarea"/>
  <member type="relation" ref="19395743" role="subarea"/>
  <member type="relation" ref="19395742" role="subarea"/>
  <member type="relation" ref="19395741" role="subarea"/>
  <member type="relation" ref="19395740" role="subarea"/>
  <tag k="admin_level" v="4"/>
  <tag k="boundary" v="administrative"/>
  <tag k="is_in:country_code" v="VN"/>
  <tag k="ISO3166-2" v="VN-34"/>
  <tag k="name" v="Tỉnh Khánh Hòa"/>
  <tag k="name:ar" v="محافظة كان هوا"/>
  <tag k="name:bg" v="Кхан Хоа"/>
  <tag k="name:en" v="Khánh Hòa Province"/>
  <tag k="name:es" v="Khánh Hòa"/>
  <tag k="name:fa" v="استان خان هوا"/>
  <tag k="name:fi" v="Khánh Hòa"/>
  <tag k="name:fr" v="Province de Khánh Hòa"/>
  <tag k="name:id" v="Provinsi Khanh Hoa"/>
  <tag k="name:it" v="Provincia di Khanh Hoa"/>
  <tag k="name:ja" v="カインホア省"/>
  <tag k="name:ko" v="카인호아성"/>
  <tag k="name:nl" v="Khánh Hòa"/>
  <tag k="name:pl" v="Prowincja Khánh Hòa"/>
  <tag k="name:pt" v="Khanh Hoa"/>
  <tag k="name:ru" v="провинция Кханьхоа"/>
  <tag k="name:sr" v="Хањ Хоа"/>
  <tag k="name:sv" v="Khanh Hoa"/>
  <tag k="name:sw" v="Mkoa wa Khánh Hòa"/>
  <tag k="name:tg" v="Вилояти Кан Хоа"/>
  <tag k="name:th" v="จังหวัดคั้ญฮหว่า"/>
  <tag k="name:uk" v="Кханьхоа"/>
  <tag k="name:ur" v="خانھ ہوا صوبہ"/>
  <tag k="name:vi" v="Khánh Hòa"/>
  <tag k="name:vi-Hani" v="省慶和"/>
  <tag k="name:zh" v="慶和省"/>
  <tag k="name:zh-Hans" v="庆和省"/>
  <tag k="name:zh-Hant" v="慶和省"/>
  <tag k="population" v="1174100"/>
  <tag k="type" v="boundary"/>
  <tag k="wikidata" v="Q33369"/>
  <tag k="wikipedia" v="de:Khánh Hòa"/>
 </relation>
 <relation id="7080539" visible="true" version="43" changeset="183950653" timestamp="2026-06-11T03:34:39Z" user="Trần Xuân" uid="23012452">
  <member type="node" ref="369494491" role="label"/>
  <member type="way" ref="160319139" role="outer"/>
  <member type="way" ref="118908998" role="outer"/>
  <member type="way" ref="118908261" role="outer"/>
  <member type="way" ref="139879493" role="outer"/>
  <member type="way" ref="118908172" role="outer"/>
  <member type="way" ref="160319156" role="outer"/>
  <member type="way" ref="1242122467" role="outer"/>
  <member type="way" ref="481006391" role="outer"/>
  <member type="way" ref="1417842789" role="outer"/>
  <member type="way" ref="1417842790" role="outer"/>
  <member type="way" ref="1414010585" role="outer"/>
  <member type="way" ref="1306142067" role="outer"/>
  <member type="way" ref="1306142068" role="outer"/>
  <member type="way" ref="1306142069" role="outer"/>
  <member type="way" ref="1306142073" role="outer"/>
  <member type="way" ref="118908617" role="outer"/>
  <member type="way" ref="1243106868" role="outer"/>
  <member type="way" ref="481012862" role="outer"/>
  <member type="way" ref="1417842797" role="outer"/>
  <member type="way" ref="481070086" role="outer"/>
  <member type="way" ref="481010839" role="outer"/>
  <member type="way" ref="1242243036" role="outer"/>
  <member type="way" ref="1242243037" role="outer"/>
  <member type="way" ref="1242122468" role="outer"/>
  <member type="way" ref="1492085371" role="outer"/>
  <member type="way" ref="1492085374" role="outer"/>
  <member type="way" ref="1492085372" role="outer"/>
  <member type="way" ref="1493791279" role="outer"/>
  <member type="way" ref="1493791277" role="outer"/>
  <member type="way" ref="1493791278" role="outer"/>
  <member type="way" ref="141722680" role="outer"/>
  <member type="way" ref="141722606" role="outer"/>
  <member type="way" ref="141722610" role="outer"/>
  <member type="way" ref="141722614" role="outer"/>
  <member type="way" ref="141722608" role="outer"/>
  <member type="way" ref="1447364404" role="outer"/>
  <member type="way" ref="1499199400" role="outer"/>
  <member type="way" ref="1499199402" role="outer"/>
  <member type="way" ref="1447364298" role="outer"/>
  <tag k="boundary" v="historic"/>
  <tag k="end_date" v="2025-06-30"/>
  <tag k="name" v="Thị xã Ninh Hòa"/>
  <tag k="name:en" v="Ninh Hòa"/>
  <tag k="name:id" v="Ninh Hoa"/>
  <tag k="name:ja" v="ニンホア市社"/>
  <tag k="name:ko" v="닌호아현"/>
  <tag k="name:vi" v="Thị xã Ninh Hòa"/>
  <tag k="name:zh" v="寧和市社"/>
  <tag k="name:zh-Hans" v="宁和市社"/>
  <tag k="name:zh-Hant" v="寧和市社"/>
  <tag k="type" v="boundary"/>
  <tag k="was:admin_level" v="6"/>
  <tag k="was:boundary" v="administrative"/>
  <tag k="wikidata" v="Q10801338"/>
  <tag k="wikipedia" v="vi:Ninh Hòa (thị xã)"/>
 </relation>
 <relation id="17079643" visible="true" version="17" changeset="183950653" timestamp="2026-06-11T03:34:39Z" user="Trần Xuân" uid="23012452">
  <member type="node" ref="13081837100" role="label"/>
  <member type="way" ref="1242243045" role="outer"/>
  <member type="way" ref="1242122468" role="outer"/>
  <member type="way" ref="1492085371" role="outer"/>
  <member type="way" ref="1492085374" role="outer"/>
  <member type="way" ref="1492085372" role="outer"/>
  <member type="way" ref="1493791279" role="outer"/>
  <member type="way" ref="1493791277" role="outer"/>
  <member type="way" ref="1493791278" role="outer"/>
  <member type="way" ref="1242122462" role="outer"/>
  <member type="way" ref="141722606" role="outer"/>
  <member type="way" ref="141722614" role="outer"/>
  <member type="way" ref="141722680" role="outer"/>
  <member type="way" ref="141722610" role="outer"/>
  <member type="way" ref="141722608" role="outer"/>
  <member type="way" ref="118908261" role="outer"/>
  <member type="way" ref="160319139" role="outer"/>
  <member type="way" ref="139879493" role="outer"/>
  <member type="way" ref="118908172" role="outer"/>
  <member type="way" ref="160319156" role="outer"/>
  <member type="way" ref="118908998" role="outer"/>
  <member type="way" ref="1499199400" role="outer"/>
  <member type="way" ref="1499199402" role="outer"/>
  <member type="way" ref="1447364298" role="outer"/>
  <tag k="admin_level" v="6"/>
  <tag k="boundary" v="administrative"/>
  <tag k="name" v="Phường Đông Ninh Hòa"/>
  <tag k="name:ja" v="東ニンホア坊"/>
  <tag k="type" v="boundary"/>
  <tag k="wikidata" v="Q137215898"/>
  <tag k="wikipedia" v="vi:Đông Ninh Hòa"/>
 </relation>
 <relation id="19312411" visible="true" version="18" changeset="187260862" timestamp="2026-08-11T03:09:02Z" user="Trần Xuân" uid="23012452">
  <member type="way" ref="481185404" role="outer"/>
  <member type="way" ref="1193157990" role="outer"/>
  <member type="way" ref="481044628" role="outer"/>
  <member type="way" ref="1284269392" role="outer"/>
  <member type="way" ref="1417842773" role="outer"/>
  <member type="way" ref="1417842774" role="outer"/>
  <member type="way" ref="1284269391" role="outer"/>
  <member type="way" ref="485655323" role="outer"/>
  <member type="way" ref="481012868" role="outer"/>
  <member type="way" ref="481012864" role="outer"/>
  <member type="way" ref="139098239" role="outer"/>
  <member type="way" ref="1417842843" role="outer"/>
  <member type="way" ref="139822618" role="outer"/>
  <member type="way" ref="1303474139" role="outer"/>
  <member type="way" ref="1303474135" role="outer"/>
  <member type="way" ref="1306142103" role="outer"/>
  <member type="way" ref="1417842836" role="outer"/>
  <member type="way" ref="118908617" role="outer"/>
  <member type="way" ref="1306142073" role="outer"/>
  <member type="way" ref="1306142069" role="outer"/>
  <member type="way" ref="1306142068" role="outer"/>
  <member type="way" ref="1306142067" role="outer"/>
  <member type="way" ref="1414010585" role="outer"/>
  <member type="way" ref="1414010584" role="outer"/>
  <member type="way" ref="1417561052" role="outer"/>
  <member type="way" ref="1417561051" role="outer"/>
  <member type="way" ref="1417842777" role="outer"/>
  <member type="way" ref="480788283" role="outer"/>
  <member type="way" ref="1417842781" role="outer"/>
  <member type="way" ref="480825557" role="outer"/>
  <member type="way" ref="358047378" role="outer"/>
  <member type="way" ref="289462901" role="outer"/>
  <member type="way" ref="358047375" role="outer"/>
  <member type="way" ref="485638341" role="outer"/>
  <member type="way" ref="485638339" role="outer"/>
  <member type="way" ref="1193166451" role="outer"/>
  <member type="way" ref="1368407216" role="outer"/>
  <member type="way" ref="1120240941" role="outer"/>
  <member type="way" ref="1120240942" role="outer"/>
  <member type="way" ref="1120240953" role="outer"/>
  <member type="way" ref="1368407217" role="outer"/>
  <member type="way" ref="1120240951" role="outer"/>
  <member type="way" ref="1199677144" role="outer"/>
  <member type="way" ref="1120240927" role="outer"/>
  <member type="way" ref="1120240925" role="outer"/>
  <member type="way" ref="1120240930" role="outer"/>
  <member type="way" ref="1120240928" role="outer"/>
  <member type="way" ref="1319181446" role="outer"/>
  <member type="way" ref="1120240932" role="outer"/>
  <member type="way" ref="1368675506" role="outer"/>
  <member type="way" ref="1120240934" role="outer"/>
  <member type="way" ref="1120240931" role="inner"/>
  <member type="way" ref="1120240950" role="outer"/>
  <member type="way" ref="1120240957" role="outer"/>
  <member type="way" ref="1120240956" role="outer"/>
  <member type="way" ref="1120240947" role="outer"/>
  <member type="way" ref="1120240923" role="outer"/>
  <member type="way" ref="1120240955" role="outer"/>
  <member type="way" ref="1120240954" role="outer"/>
  <member type="way" ref="1120004551" role="outer"/>
  <member type="node" ref="1532838631" role="label"/>
  <member type="node" ref="369487053" role="admin_centre"/>
  <member type="relation" ref="7080408" role="subarea"/>
  <member type="relation" ref="7080992" role="subarea"/>
  <member type="relation" ref="7081515" role="subarea"/>
  <member type="relation" ref="7080594" role="subarea"/>
  <member type="relation" ref="7081531" role="subarea"/>
  <member type="relation" ref="7080539" role="subarea"/>
  <member type="relation" ref="7081538" role="subarea"/>
  <member type="relation" ref="7081247" role="subarea"/>
  <tag k="boundary" v="historic"/>
  <tag k="end_date" v="2025-06-30"/>
  <tag k="ISO3166-2" v="VN-34"/>
  <tag k="name" v="Tỉnh Khánh Hòa cũ"/>
  <tag k="name:ar" v="محافظة كان هوا"/>
  <tag k="name:bg" v="Кхан Хоа"/>
  <tag k="name:en" v="Khánh Hòa Province (former)"/>
  <tag k="name:es" v="Khánh Hòa"/>
  <tag k="name:fa" v="استان خان هوا"/>
  <tag k="name:fi" v="Khánh Hòa"/>
  <tag k="name:fr" v="Province de Khánh Hòa"/>
  <tag k="name:id" v="Provinsi Khanh Hoa"/>
  <tag k="name:it" v="Provincia di Khanh Hoa"/>
  <tag k="name:ja" v="カインホア省"/>
  <tag k="name:ko" v="카인호아성"/>
  <tag k="name:nl" v="Khánh Hòa"/>
  <tag k="name:pl" v="Prowincja Khánh Hòa"/>
  <tag k="name:pt" v="Khanh Hoa"/>
  <tag k="name:ru" v="провинция Кханьхоа"/>
  <tag k="name:sr" v="Хањ Хоа"/>
  <tag k="name:sv" v="Khanh Hoa"/>
  <tag k="name:sw" v="Mkoa wa Khánh Hòa"/>
  <tag k="name:tg" v="Вилояти Кан Хоа"/>
  <tag k="name:th" v="จังหวัดคั้ญฮหว่า"/>
  <tag k="name:uk" v="Кханьхоа"/>
  <tag k="name:ur" v="خانھ ہوا صوبہ"/>
  <tag k="name:vi" v="Khánh Hòa"/>
  <tag k="name:vi-Hani" v="省慶和"/>
  <tag k="name:zh" v="慶和省"/>
  <tag k="name:zh-Hans" v="庆和省"/>
  <tag k="name:zh-Hant" v="慶和省"/>
  <tag k="population" v="1174100"/>
  <tag k="type" v="boundary"/>
  <tag k="was:admin_level" v="4"/>
  <tag k="was:boundary" v="administrative"/>
 </relation>
</osm>
